Stimulus,TMS,Correct_Key,TMStarget,Task,TrialN,Order,Phoneme1,Phoneme2,P1_TSidx,P2_TSidx,TMS_TSidx,Place,Manner,Voicing,Category
uD_happy2,1,3,tongue,phonemes,1,,u,d,244070,244414,243970,alveolar,stop,no,alveolar
aD_angry1,1,3,tongue,phonemes,2,vC,a,d,252062,252295,251962,alveolar,stop,no,alveolar
Pu_angry2,1,2,tongue,phonemes,3,Cv,p,u,260087,260202,259987,bilabial,stop,no,bilabial
iT_angry2,0,4,control_tongue,phonemes,4,vC,i,t,268094,268338,267994,alveolar,stop,no,alveolar
Bo_angry2,1,1,tongue,phonemes,5,Cv,b,o,276073,276127,275973,bilabial,stop,yes,bilabial
iD_happy1,1,3,tongue,phonemes,6,vC,i,d,284065,284386,283965,alveolar,stop,no,alveolar
eB_angry1,1,1,tongue,phonemes,7,vC,e,b,292090,292410,291990,alveolar,stop,no,alveolar
aD_happy1,1,3,tongue,phonemes,8,vC,a,d,300083,300340,299983,alveolar,stop,no,alveolar
Pa_angry1,1,2,tongue,phonemes,9,Cv,p,a,308074,308208,307974,bilabial,stop,no,bilabial
eT_happy2,0,4,control_tongue,phonemes,10,vC,e,t,316064,316327,315964,alveolar,stop,no,alveolar
Da_happy1,1,3,tongue,phonemes,11,Cv,d,a,324092,324168,323992,alveolar,stop,yes,alveolar
Bi_happy1,1,1,tongue,phonemes,12,Cv,b,i,332084,332138,331984,bilabial,stop,yes,bilabial
Be_angry1,1,1,tongue,phonemes,13,Cv,b,e,340077,340130,339977,bilabial,stop,yes,bilabial
Pu_angry1,0,2,control_tongue,phonemes,14,Cv,p,u,348078,348161,347978,bilabial,stop,no,bilabial
uT_angry1,1,4,tongue,phonemes,15,vC,u,t,356129,356448,356029,alveolar,stop,no,alveolar
Di_angry1,1,3,tongue,phonemes,16,Cv,d,i,364086,364172,363986,alveolar,stop,yes,alveolar
uT_happy2,0,4,control_tongue,phonemes,17,vC,u,t,372067,372395,371967,alveolar,stop,no,alveolar
eB_happy2,0,1,control_tongue,phonemes,18,vC,e,b,380067,380309,379967,alveolar,stop,no,alveolar
Do_happy2,0,3,control_tongue,phonemes,19,Cv,d,o,388045,388097,387945,alveolar,stop,yes,alveolar
Pu_happy2,1,2,tongue,phonemes,20,Cv,p,u,396088,396170,395988,bilabial,stop,no,bilabial
iD_happy2,0,3,control_tongue,phonemes,21,vC,i,d,404068,404407,403968,alveolar,stop,no,alveolar
Te_angry1,1,4,tongue,phonemes,22,Cv,t,e,412106,412219,412006,alveolar,stop,no,alveolar
Ba_angry2,1,1,tongue,phonemes,23,Cv,b,a,420065,420118,419965,bilabial,stop,yes,bilabial
oD_angry1,0,3,control_tongue,phonemes,24,vC,o,d,428112,428531,428012,alveolar,stop,no,alveolar
Di_angry2,1,3,tongue,phonemes,25,Cv,d,i,436083,436172,435983,alveolar,stop,yes,alveolar
Bu_angry1,1,1,tongue,phonemes,26,Cv,b,u,444109,444178,444009,bilabial,stop,yes,bilabial
Pe_angry2,0,2,control_tongue,phonemes,27,Cv,p,e,452093,452239,451993,bilabial,stop,no,bilabial
Ti_happy1,1,4,tongue,phonemes,28,Cv,t,i,460093,460188,459993,alveolar,stop,no,alveolar
uP_happy1,1,2,tongue,phonemes,29,vC,u,p,468086,468367,467986,alveolar,stop,no,alveolar
uB_angry2,0,1,control_tongue,phonemes,30,vC,u,b,476064,476403,475964,alveolar,stop,no,alveolar
iT_happy2,1,4,tongue,phonemes,31,vC,i,t,484069,484344,483969,alveolar,stop,no,alveolar
uP_angry1,0,2,control_tongue,phonemes,32,vC,u,p,492101,492443,492001,alveolar,stop,no,alveolar
Do_angry1,1,3,tongue,phonemes,33,Cv,d,o,500087,500140,499987,alveolar,stop,yes,alveolar
Bi_angry1,0,1,control_tongue,phonemes,34,Cv,b,i,508069,508131,507969,bilabial,stop,yes,bilabial
De_happy2,1,3,tongue,phonemes,35,Cv,d,e,516073,516124,515973,alveolar,stop,yes,alveolar
oT_angry1,0,4,control_tongue,phonemes,36,vC,o,t,524109,524440,524009,alveolar,stop,no,alveolar
Da_happy2,1,3,tongue,phonemes,37,Cv,d,a,532091,532146,531991,alveolar,stop,yes,alveolar
Be_happy1,1,1,tongue,phonemes,38,Cv,b,e,540082,540136,539982,bilabial,stop,yes,bilabial
iB_happy2,1,1,tongue,phonemes,39,vC,i,b,548075,548399,547975,alveolar,stop,no,alveolar
Pi_happy2,0,2,control_tongue,phonemes,40,Cv,p,i,556067,556167,555967,bilabial,stop,no,bilabial
Bi_happy2,1,1,tongue,phonemes,41,Cv,b,i,564091,564145,563991,bilabial,stop,yes,bilabial
iP_angry2,1,2,tongue,phonemes,42,vC,i,p,572085,572406,571985,alveolar,stop,no,alveolar
eT_angry2,1,4,tongue,phonemes,43,vC,e,t,580076,580366,579976,alveolar,stop,no,alveolar
oD_angry2,0,3,control_tongue,phonemes,44,vC,o,d,588049,588460,587949,alveolar,stop,no,alveolar
Be_happy2,0,1,control_tongue,phonemes,46,Cv,b,e,600470,600615,600370,bilabial,stop,yes,bilabial
Pa_happy1,1,2,tongue,phonemes,47,Cv,p,a,612079,612217,611979,bilabial,stop,no,bilabial
aP_angry1,1,2,tongue,phonemes,48,vC,a,p,620071,620405,619971,alveolar,stop,no,alveolar
uD_angry2,1,3,tongue,phonemes,49,vC,u,d,628095,628460,627995,alveolar,stop,no,alveolar
Ta_angry1,0,4,control_tongue,phonemes,50,Cv,t,a,636079,636187,635979,alveolar,stop,no,alveolar
eB_happy1,1,1,tongue,phonemes,51,vC,e,b,644081,644326,643981,alveolar,stop,no,alveolar
oP_angry2,0,2,control_tongue,phonemes,52,vC,o,p,652067,NaN,651967,alveolar,stop,no,alveolar
Te_happy1,0,4,control_tongue,phonemes,53,Cv,t,e,660074,660187,659974,alveolar,stop,no,alveolar
aP_happy2,1,2,tongue,phonemes,54,vC,a,p,668090,668370,667990,alveolar,stop,no,alveolar
Bo_angry1,0,1,control_tongue,phonemes,55,Cv,b,o,676099,676153,675999,bilabial,stop,yes,bilabial
Ti_angry1,0,4,control_tongue,phonemes,56,Cv,t,i,684087,684261,683987,alveolar,stop,no,alveolar
aB_angry2,0,1,control_tongue,phonemes,57,vC,a,b,692061,692401,691961,alveolar,stop,no,alveolar
Po_happy1,0,2,control_tongue,phonemes,58,Cv,p,o,700111,700206,700011,bilabial,stop,no,bilabial
aD_angry2,1,3,tongue,phonemes,59,vC,a,d,708085,708408,707985,alveolar,stop,no,alveolar
iP_angry1,1,2,tongue,phonemes,60,vC,i,p,716077,716404,715977,alveolar,stop,no,alveolar
oT_happy2,1,4,tongue,phonemes,61,vC,o,t,756073,756414,755973,alveolar,stop,no,alveolar
Ti_happy2,1,4,tongue,phonemes,62,Cv,t,i,764098,764190,763998,alveolar,stop,no,alveolar
De_angry1,0,3,control_tongue,phonemes,63,Cv,d,e,772090,772136,771990,alveolar,stop,yes,alveolar
uB_angry1,1,1,tongue,phonemes,64,vC,u,b,780117,780454,780017,alveolar,stop,no,alveolar
oD_angry1,1,3,tongue,phonemes,65,vC,o,d,788076,788495,787976,alveolar,stop,no,alveolar
Bi_angry2,0,1,control_tongue,phonemes,66,Cv,b,i,796093,796148,795993,bilabial,stop,yes,bilabial
Pe_happy1,1,2,tongue,phonemes,67,Cv,p,e,804092,804193,803992,bilabial,stop,no,bilabial
oP_happy1,0,2,control_tongue,phonemes,68,vC,o,p,812068,812403,811968,alveolar,stop,no,alveolar
iD_angry1,1,3,tongue,phonemes,69,vC,i,d,820077,820397,819977,alveolar,stop,no,alveolar
oP_angry1,1,2,tongue,phonemes,70,vC,o,p,828069,828387,827969,alveolar,stop,no,alveolar
eP_happy2,1,2,tongue,phonemes,71,vC,e,p,836093,836378,835993,alveolar,stop,no,alveolar
Bo_happy2,1,1,tongue,phonemes,72,Cv,b,o,844086,844140,843986,bilabial,stop,yes,bilabial
De_happy1,0,3,control_tongue,phonemes,73,Cv,d,e,852017,852067,851917,alveolar,stop,yes,alveolar
To_happy1,1,4,tongue,phonemes,74,Cv,t,o,860071,860153,859971,alveolar,stop,no,alveolar
aP_happy1,1,2,tongue,phonemes,75,vC,a,p,868098,868403,867998,alveolar,stop,no,alveolar
Ta_angry2,0,4,control_tongue,phonemes,76,Cv,t,a,876079,876164,875979,alveolar,stop,no,alveolar
eD_angry2,0,3,control_tongue,phonemes,77,vC,e,d,884090,884399,883990,alveolar,stop,no,alveolar
iB_angry2,0,1,control_tongue,phonemes,78,vC,i,b,892069,892399,891969,alveolar,stop,no,alveolar
Po_angry1,1,2,tongue,phonemes,79,Cv,p,o,900098,900177,899998,bilabial,stop,no,bilabial
Bu_angry2,0,1,control_tongue,phonemes,80,Cv,b,u,908080,908149,907980,bilabial,stop,yes,bilabial
iP_happy1,0,2,control_tongue,phonemes,81,vC,i,p,916073,916382,915973,alveolar,stop,no,alveolar
uT_angry1,1,4,tongue,phonemes,82,vC,u,t,924075,924394,923975,alveolar,stop,no,alveolar
oT_happy1,1,4,tongue,phonemes,83,vC,o,t,932069,932396,931969,alveolar,stop,no,alveolar
Pi_angry2,1,2,tongue,phonemes,84,Cv,p,i,940093,940209,939993,bilabial,stop,no,bilabial
oB_happy2,1,1,tongue,phonemes,85,vC,o,b,948086,948416,947986,alveolar,stop,no,alveolar
aT_angry2,1,4,tongue,phonemes,86,vC,a,t,956078,956393,955978,alveolar,stop,no,alveolar
Ba_happy2,0,1,control_tongue,phonemes,87,Cv,b,a,964087,964202,963987,bilabial,stop,yes,bilabial
eD_happy1,0,3,control_tongue,phonemes,89,vC,e,d,976210,976479,976110,alveolar,stop,no,alveolar
eT_angry1,1,4,tongue,phonemes,90,vC,e,t,988079,988349,987979,alveolar,stop,no,alveolar
Pa_angry2,1,2,tongue,phonemes,91,Cv,p,a,996072,996161,995972,bilabial,stop,no,bilabial
aP_angry2,1,2,tongue,phonemes,92,vC,a,p,1004099,1004441,1003999,alveolar,stop,no,alveolar
aD_happy2,1,3,tongue,phonemes,93,vC,a,d,1012090,1012355,1011990,alveolar,stop,no,alveolar
uB_happy2,0,1,control_tongue,phonemes,94,vC,u,b,1020071,1020408,1019971,alveolar,stop,no,alveolar
Du_happy2,1,3,tongue,phonemes,95,Cv,d,u,1028074,1028154,1027974,alveolar,stop,yes,alveolar
iP_happy2,0,2,control_tongue,phonemes,96,vC,i,p,1036139,1036456,1036039,alveolar,stop,no,alveolar
oT_angry2,1,4,tongue,phonemes,97,vC,o,t,1044094,1044403,1043994,alveolar,stop,no,alveolar
eD_happy2,1,3,tongue,phonemes,98,vC,e,d,1052085,1052368,1051985,alveolar,stop,no,alveolar
To_angry2,1,4,tongue,phonemes,99,Cv,t,o,1060077,1060175,1059977,alveolar,stop,no,alveolar
Du_happy1,1,3,tongue,phonemes,100,Cv,d,u,1068101,1068185,1068001,alveolar,stop,yes,alveolar
Pi_angry1,1,2,tongue,phonemes,101,Cv,p,i,1076095,1076260,1075995,bilabial,stop,no,bilabial
To_happy2,1,4,tongue,phonemes,102,Cv,t,o,1084087,1084174,1083987,alveolar,stop,no,alveolar
Du_angry2,1,3,tongue,phonemes,103,Cv,d,u,1092080,1092166,1091980,alveolar,stop,yes,alveolar
iB_happy1,1,1,tongue,phonemes,104,vC,i,b,1100071,1100407,1099971,alveolar,stop,no,alveolar
Be_angry2,1,1,tongue,phonemes,105,Cv,b,e,1108095,1108149,1107995,bilabial,stop,yes,bilabial
Pe_happy2,1,2,tongue,phonemes,106,Cv,p,e,1116089,1116232,1115989,bilabial,stop,no,bilabial
Do_angry2,0,3,control_tongue,phonemes,107,Cv,d,o,1124061,1124114,1123961,alveolar,stop,yes,alveolar
eB_angry2,1,1,tongue,phonemes,108,vC,e,b,1132075,1132345,1131975,alveolar,stop,no,alveolar
Tu_happy1,1,4,tongue,phonemes,109,Cv,t,u,1140099,1140195,1139999,alveolar,stop,no,alveolar
iT_happy1,1,4,tongue,phonemes,110,vC,i,t,1148093,1148376,1147993,alveolar,stop,no,alveolar
eP_angry1,0,2,control_tongue,phonemes,111,vC,e,p,1156073,1156362,1155973,alveolar,stop,no,alveolar
oB_angry2,1,1,tongue,phonemes,112,vC,o,b,1164076,1164408,1163976,alveolar,stop,no,alveolar
Te_angry2,1,4,tongue,phonemes,113,Cv,t,e,1172102,1172214,1172002,alveolar,stop,no,alveolar
uD_happy1,1,3,tongue,phonemes,114,vC,u,d,1180094,1180442,1179994,alveolar,stop,no,alveolar
Bo_happy1,1,1,tongue,phonemes,115,Cv,b,o,1188087,1188141,1187987,bilabial,stop,yes,bilabial
eP_happy1,1,2,tongue,phonemes,116,vC,e,p,1196078,1196363,1195978,alveolar,stop,no,alveolar
Pa_happy2,1,2,tongue,phonemes,117,Cv,p,a,1204071,1204231,1203971,bilabial,stop,no,bilabial
aT_happy2,0,4,control_tongue,phonemes,119,vC,a,t,1213151,1213392,1213051,alveolar,stop,no,alveolar
Tu_angry1,1,4,tongue,phonemes,120,Cv,t,u,1228080,1228192,1227980,alveolar,stop,no,alveolar
aB_happy2,1,1,tongue,phonemes,1,vC,a,b,1384927,1385262,1384827,alveolar,stop,no,alveolar
aT_happy2,1,4,tongue,phonemes,2,vC,a,t,1392952,1393193,1392852,alveolar,stop,no,alveolar
uP_happy2,0,2,control_tongue,phonemes,3,vC,u,p,1400935,1401265,1400835,alveolar,stop,no,alveolar
Do_angry2,1,3,tongue,phonemes,4,Cv,d,o,1408937,1408990,1408837,alveolar,stop,yes,alveolar
eP_angry1,1,2,tongue,phonemes,5,vC,e,p,1416929,1417218,1416829,alveolar,stop,no,alveolar
uT_happy1,0,4,control_tongue,phonemes,6,vC,u,t,1424943,1425260,1424843,alveolar,stop,no,alveolar
Te_happy2,1,4,tongue,phonemes,7,Cv,t,e,1432947,1433061,1432847,alveolar,stop,no,alveolar
aP_angry1,0,2,control_tongue,phonemes,8,vC,a,p,1440943,1441277,1440843,alveolar,stop,no,alveolar
Ta_angry2,1,4,tongue,phonemes,9,Cv,t,a,1448932,1449017,1448832,alveolar,stop,no,alveolar
Pu_happy2,0,2,control_tongue,phonemes,10,Cv,p,u,1456931,1457013,1456831,bilabial,stop,no,bilabial
Tu_happy1,0,4,control_tongue,phonemes,11,Cv,t,u,1464938,1465034,1464838,alveolar,stop,no,alveolar
iD_happy2,1,3,tongue,phonemes,12,vC,i,d,1472941,1473280,1472841,alveolar,stop,no,alveolar
eB_happy2,1,1,tongue,phonemes,13,vC,e,b,1480933,1481175,1480833,alveolar,stop,no,alveolar
Ba_happy2,1,1,tongue,phonemes,14,Cv,b,a,1488959,1489074,1488859,bilabial,stop,yes,bilabial
eD_angry2,1,3,tongue,phonemes,15,vC,e,d,1496951,1497260,1496851,alveolar,stop,no,alveolar
aB_happy1,1,1,tongue,phonemes,16,vC,a,b,1504944,1505266,1504844,alveolar,stop,no,alveolar
Pa_happy1,0,2,control_tongue,phonemes,17,Cv,p,a,1512956,1513094,1512856,bilabial,stop,no,bilabial
Do_happy2,1,3,tongue,phonemes,18,Cv,d,o,1520927,1520979,1520827,alveolar,stop,yes,alveolar
Bu_happy2,1,1,tongue,phonemes,19,Cv,b,u,1528954,1529022,1528854,bilabial,stop,yes,bilabial
aB_angry1,1,1,tongue,phonemes,20,vC,a,b,1536945,1537286,1536845,alveolar,stop,no,alveolar
aT_happy1,1,4,tongue,phonemes,21,vC,a,t,1544937,1545219,1544837,alveolar,stop,no,alveolar
Po_angry1,0,2,control_tongue,phonemes,22,Cv,p,o,1552924,1553003,1552824,bilabial,stop,no,bilabial
uD_angry1,1,3,tongue,phonemes,23,vC,u,d,1560955,1561345,1560855,alveolar,stop,no,alveolar
Di_happy1,1,3,tongue,phonemes,24,Cv,d,i,1568949,1569032,1568849,alveolar,stop,yes,alveolar
iB_angry1,1,1,tongue,phonemes,25,vC,i,b,1576941,1577277,1576841,alveolar,stop,no,alveolar
Ta_happy1,1,4,tongue,phonemes,26,Cv,t,a,1584933,1585070,1584833,alveolar,stop,no,alveolar
Ba_happy1,1,1,tongue,phonemes,27,Cv,b,a,1592958,1593040,1592858,bilabial,stop,yes,bilabial
eT_angry1,0,4,control_tongue,phonemes,28,vC,e,t,1600940,1601210,1600840,alveolar,stop,no,alveolar
Do_happy1,1,3,tongue,phonemes,29,Cv,d,o,1608942,1608994,1608842,alveolar,stop,yes,alveolar
oD_happy2,1,3,tongue,phonemes,30,vC,o,d,1616935,1617273,1616835,alveolar,stop,no,alveolar
Ba_angry2,1,1,tongue,phonemes,31,Cv,b,a,1624961,1625014,1624861,bilabial,stop,yes,bilabial
To_angry2,0,4,control_tongue,phonemes,32,Cv,t,o,1632954,1633052,1632854,alveolar,stop,no,alveolar
eD_happy1,1,3,tongue,phonemes,33,vC,e,d,1640945,1641214,1640845,alveolar,stop,no,alveolar
iP_happy2,1,2,tongue,phonemes,34,vC,i,p,1648937,1649254,1648837,alveolar,stop,no,alveolar
Di_angry2,0,3,control_tongue,phonemes,35,Cv,d,i,1656957,1657046,1656857,alveolar,stop,yes,alveolar
Bu_angry2,1,1,tongue,phonemes,36,Cv,b,u,1664954,1665023,1664854,bilabial,stop,yes,bilabial
Pu_angry1,1,2,tongue,phonemes,37,Cv,p,u,1672916,1672999,1672816,bilabial,stop,no,bilabial
Bu_happy1,1,1,tongue,phonemes,38,Cv,b,u,1680939,1681006,1680839,bilabial,stop,yes,bilabial
De_angry1,1,3,tongue,phonemes,39,Cv,d,e,1688931,1688977,1688831,alveolar,stop,yes,alveolar
oB_happy2,0,1,control_tongue,phonemes,40,vC,o,b,1696939,1697269,1696839,alveolar,stop,no,alveolar
oD_angry2,1,3,tongue,phonemes,41,vC,o,d,1704950,1705361,1704850,alveolar,stop,no,alveolar
Pi_angry2,0,2,control_tongue,phonemes,42,Cv,p,i,1712945,1713061,1712845,bilabial,stop,no,bilabial
Bo_angry1,1,1,tongue,phonemes,43,Cv,b,o,1720935,1720989,1720835,bilabial,stop,yes,bilabial
oT_happy1,0,4,control_tongue,phonemes,44,vC,o,t,1728957,1729284,1728857,alveolar,stop,no,alveolar
uB_happy2,1,1,tongue,phonemes,45,vC,u,b,1736952,1737289,1736852,alveolar,stop,no,alveolar
oT_angry1,1,4,tongue,phonemes,46,vC,o,t,1744946,1745277,1744846,alveolar,stop,no,alveolar
Pe_happy2,0,2,control_tongue,phonemes,47,Cv,p,e,1752951,1753094,1752851,bilabial,stop,no,bilabial
Di_happy2,1,3,tongue,phonemes,48,Cv,d,i,1760961,1761043,1760861,alveolar,stop,yes,alveolar
oP_happy2,1,2,tongue,phonemes,49,vC,o,p,1768954,1769277,1768854,alveolar,stop,no,alveolar
eB_angry2,0,1,control_tongue,phonemes,50,vC,e,b,1776960,1777230,1776860,alveolar,stop,no,alveolar
aT_angry1,1,4,tongue,phonemes,51,vC,a,t,1784939,1785247,1784839,alveolar,stop,no,alveolar
Pa_happy2,0,2,control_tongue,phonemes,52,Cv,p,a,1792929,1793089,1792829,bilabial,stop,no,bilabial
Tu_angry1,0,4,control_tongue,phonemes,53,Cv,t,u,1800979,1801091,1800879,alveolar,stop,no,alveolar
Bi_angry2,1,1,tongue,phonemes,54,Cv,b,i,1808949,1809004,1808849,bilabial,stop,yes,bilabial
oB_angry1,1,1,tongue,phonemes,55,vC,o,b,1816941,1817281,1816841,alveolar,stop,no,alveolar
Pi_happy1,1,2,tongue,phonemes,56,Cv,p,i,1824932,1824991,1824832,bilabial,stop,no,bilabial
aT_angry2,1,4,tongue,phonemes,57,vC,a,t,1832963,1833278,1832863,alveolar,stop,no,alveolar
Ba_angry1,1,1,tongue,phonemes,58,Cv,b,a,1840950,1841003,1840850,bilabial,stop,yes,bilabial
Pu_happy1,1,2,tongue,phonemes,59,Cv,p,u,1848942,1849021,1848842,bilabial,stop,no,bilabial
Tu_angry2,1,4,tongue,phonemes,60,Cv,t,u,1856934,1857047,1856834,alveolar,stop,no,alveolar
Ti_angry1,1,4,tongue,phonemes,61,Cv,t,i,1896963,1897137,1896863,alveolar,stop,no,alveolar
uD_happy1,0,3,control_tongue,phonemes,62,vC,u,d,1904930,1905278,1904830,alveolar,stop,no,alveolar
Ta_angry1,1,4,tongue,phonemes,63,Cv,t,a,1912947,1913055,1912847,alveolar,stop,no,alveolar
Te_happy1,1,4,tongue,phonemes,64,Cv,t,e,1920939,1921052,1920839,alveolar,stop,no,alveolar
Pi_happy2,1,2,tongue,phonemes,65,Cv,p,i,1928932,1929032,1928832,bilabial,stop,no,bilabial
oB_angry2,0,1,control_tongue,phonemes,66,vC,o,b,1936945,1937277,1936845,alveolar,stop,no,alveolar
Da_angry2,0,3,control_tongue,phonemes,67,Cv,d,a,1944916,1944972,1944816,alveolar,stop,yes,alveolar
Be_happy2,1,1,tongue,phonemes,68,Cv,b,e,1952941,1953086,1952841,bilabial,stop,yes,bilabial
iT_angry2,1,4,tongue,phonemes,69,vC,i,t,1960934,1961178,1960834,alveolar,stop,no,alveolar
iP_angry1,0,2,control_tongue,phonemes,70,vC,i,p,1968970,1969297,1968870,alveolar,stop,no,alveolar
iT_happy1,0,4,control_tongue,phonemes,71,vC,i,t,1976958,1977241,1976858,alveolar,stop,no,alveolar
aD_happy2,0,3,control_tongue,phonemes,72,vC,a,d,1984942,1985207,1984842,alveolar,stop,no,alveolar
To_happy2,0,4,control_tongue,phonemes,73,Cv,t,o,1992920,1993007,1992820,alveolar,stop,no,alveolar
Pe_angry2,1,2,tongue,phonemes,74,Cv,p,e,2000961,2001107,2000861,bilabial,stop,no,bilabial
eT_happy2,1,4,tongue,phonemes,75,vC,e,t,2008954,2009217,2008854,alveolar,stop,no,alveolar
Ti_angry2,1,4,tongue,phonemes,76,Cv,t,i,2016946,2017120,2016846,alveolar,stop,no,alveolar
Ta_happy2,1,4,tongue,phonemes,77,Cv,t,a,2024938,2025008,2024838,alveolar,stop,no,alveolar
uP_angry2,0,2,control_tongue,phonemes,78,vC,u,p,2032968,2033352,2032868,alveolar,stop,no,alveolar
Tu_happy2,1,4,tongue,phonemes,79,Cv,t,u,2040956,2041055,2040856,alveolar,stop,no,alveolar
uT_happy2,1,4,tongue,phonemes,80,vC,u,t,2048947,2049275,2048847,alveolar,stop,no,alveolar
De_angry2,1,3,tongue,phonemes,81,Cv,d,e,2056940,2056987,2056840,alveolar,stop,yes,alveolar
Po_happy2,1,2,tongue,phonemes,82,Cv,p,o,2064932,2065012,2064832,bilabial,stop,no,bilabial
eP_angry2,1,2,tongue,phonemes,83,vC,e,p,2072958,2073266,2072858,alveolar,stop,no,alveolar
eD_happy2,0,3,control_tongue,phonemes,84,vC,e,d,2080957,2081240,2080857,alveolar,stop,no,alveolar
uT_angry2,1,4,tongue,phonemes,85,vC,u,t,2088944,2089224,2088844,alveolar,stop,no,alveolar
iB_happy1,0,1,control_tongue,phonemes,86,vC,i,b,2096929,2097265,2096829,alveolar,stop,no,alveolar
eP_happy1,0,2,control_tongue,phonemes,87,vC,e,p,2104935,2105220,2104835,alveolar,stop,no,alveolar
Be_angry2,0,1,control_tongue,phonemes,88,Cv,b,e,2112925,2112979,2112825,bilabial,stop,yes,bilabial
iD_happy1,1,3,tongue,phonemes,89,vC,i,d,2120944,2121265,2120844,alveolar,stop,no,alveolar
uB_happy1,1,1,tongue,phonemes,90,vC,u,b,2128938,2129267,2128838,alveolar,stop,no,alveolar
Du_happy1,0,3,control_tongue,phonemes,91,Cv,d,u,2136957,2137041,2136857,alveolar,stop,yes,alveolar
Po_angry2,1,2,tongue,phonemes,92,Cv,p,o,2144954,2145039,2144854,bilabial,stop,no,bilabial
Ti_happy1,0,4,control_tongue,phonemes,93,Cv,t,i,2152974,2153069,2152874,alveolar,stop,no,alveolar
Bu_angry1,0,1,control_tongue,phonemes,94,Cv,b,u,2160964,2161033,2160864,bilabial,stop,yes,bilabial
De_happy1,1,3,tongue,phonemes,95,Cv,d,e,2168965,2169015,2168865,alveolar,stop,yes,alveolar
Pe_angry1,1,2,tongue,phonemes,96,Cv,p,e,2176956,2177105,2176856,bilabial,stop,no,bilabial
Du_angry1,1,3,tongue,phonemes,97,Cv,d,u,2184949,2185034,2184849,alveolar,stop,yes,alveolar
iP_happy1,1,2,tongue,phonemes,98,vC,i,p,2192941,2193250,2192841,alveolar,stop,no,alveolar
Bo_happy1,0,1,control_tongue,phonemes,100,Cv,b,o,2208958,2209012,2208858,bilabial,stop,yes,bilabial
oP_happy1,1,2,tongue,phonemes,101,vC,o,p,2216951,2217286,2216851,alveolar,stop,no,alveolar
Te_angry2,0,4,control_tongue,phonemes,102,Cv,t,e,2224943,2225055,2224843,alveolar,stop,no,alveolar
Bi_angry1,1,1,tongue,phonemes,103,Cv,b,i,2232936,2232998,2232836,bilabial,stop,yes,bilabial
aP_happy2,0,2,control_tongue,phonemes,104,vC,a,p,2240961,2241241,2240861,alveolar,stop,no,alveolar
uB_angry2,1,1,tongue,phonemes,105,vC,u,b,2248954,2249293,2248854,alveolar,stop,no,alveolar
iB_angry2,1,1,tongue,phonemes,106,vC,i,b,2256946,2257276,2256846,alveolar,stop,no,alveolar
oP_angry2,1,2,tongue,phonemes,107,vC,o,p,2264937,NaN,2264837,alveolar,stop,no,alveolar
uP_angry1,1,2,tongue,phonemes,108,vC,u,p,2272964,2273306,2272864,alveolar,stop,no,alveolar
eD_angry1,1,3,tongue,phonemes,109,vC,e,d,2280957,2281232,2280857,alveolar,stop,no,alveolar
aB_angry2,1,1,tongue,phonemes,110,vC,a,b,2288948,2289288,2288848,alveolar,stop,no,alveolar
Po_happy1,1,2,tongue,phonemes,111,Cv,p,o,2296940,2297035,2296840,bilabial,stop,no,bilabial
oD_happy1,1,3,tongue,phonemes,112,vC,o,d,2304966,2305282,2304866,alveolar,stop,no,alveolar
Di_angry1,0,3,control_tongue,phonemes,113,Cv,d,i,2312955,2313041,2312855,alveolar,stop,yes,alveolar
Te_angry1,0,4,control_tongue,phonemes,114,Cv,t,e,2320948,2321061,2320848,alveolar,stop,no,alveolar
uP_happy1,1,2,tongue,phonemes,115,vC,u,p,2328943,2329224,2328843,alveolar,stop,no,alveolar
To_angry1,1,4,tongue,phonemes,116,Cv,t,o,2336936,2337021,2336836,alveolar,stop,no,alveolar
oB_happy1,0,1,control_tongue,phonemes,117,vC,o,b,2344940,2345272,2344840,alveolar,stop,no,alveolar
iT_angry1,1,4,tongue,phonemes,118,vC,i,t,2352952,2353223,2352852,alveolar,stop,no,alveolar
eT_happy1,1,4,tongue,phonemes,119,vC,e,t,2360945,2361206,2360845,alveolar,stop,no,alveolar
uD_angry2,0,3,control_tongue,phonemes,120,vC,u,d,2368953,2369318,2368853,alveolar,stop,no,alveolar
uD_happy2,1,3,lip,phonemes,1,vC,u,d,5311945,5312289,5311845,alveolar,stop,no,alveolar
aD_angry1,1,3,lip,phonemes,2,vC,a,d,5319937,5320170,5319837,alveolar,stop,no,alveolar
Pu_angry2,1,2,lip,phonemes,3,Cv,p,u,5327929,5328044,5327829,bilabial,stop,no,bilabial
iT_angry2,0,4,control_lip,phonemes,4,vC,i,t,5335942,5336186,5335842,alveolar,stop,no,alveolar
Bo_angry2,1,1,lip,phonemes,5,Cv,b,o,5343947,5344001,5343847,bilabial,stop,yes,bilabial
iD_happy1,1,3,lip,phonemes,6,vC,i,d,5351940,5352261,5351840,alveolar,stop,no,alveolar
eB_angry1,1,1,lip,phonemes,7,vC,e,b,5359930,5360250,5359830,alveolar,stop,no,alveolar
aD_happy1,1,3,lip,phonemes,8,vC,a,d,5367956,5368213,5367856,alveolar,stop,no,alveolar
Pa_angry1,1,2,lip,phonemes,9,Cv,p,a,5375949,5376083,5375849,bilabial,stop,no,bilabial
eT_happy2,0,4,control_lip,phonemes,10,vC,e,t,5383928,5384191,5383828,alveolar,stop,no,alveolar
Da_happy1,1,3,lip,phonemes,11,Cv,d,a,5391932,5392008,5391832,alveolar,stop,yes,alveolar
Bi_happy1,1,1,lip,phonemes,12,Cv,b,i,5399960,5400014,5399860,bilabial,stop,yes,bilabial
Be_angry1,1,1,lip,phonemes,13,Cv,b,e,5407951,5408004,5407851,bilabial,stop,yes,bilabial
Pu_angry1,0,2,control_lip,phonemes,14,Cv,p,u,5415960,5416043,5415860,bilabial,stop,no,bilabial
uT_angry1,1,4,lip,phonemes,15,vC,u,t,5423936,5424255,5423836,alveolar,stop,no,alveolar
Di_angry1,1,3,lip,phonemes,16,Cv,d,i,5431961,5432047,5431861,alveolar,stop,yes,alveolar
uT_happy2,0,4,control_lip,phonemes,17,vC,u,t,5439925,5440253,5439825,alveolar,stop,no,alveolar
eB_happy2,0,1,control_lip,phonemes,18,vC,e,b,5447926,5448168,5447826,alveolar,stop,no,alveolar
Do_happy2,0,3,control_lip,phonemes,19,Cv,d,o,5455936,5455988,5455836,alveolar,stop,yes,alveolar
Pu_happy2,1,2,lip,phonemes,20,Cv,p,u,5463931,5464013,5463831,bilabial,stop,no,bilabial
iD_happy2,0,3,control_lip,phonemes,21,vC,i,d,5471968,5472307,5471868,alveolar,stop,no,alveolar
Te_angry1,1,4,lip,phonemes,22,Cv,t,e,5479948,5480061,5479848,alveolar,stop,no,alveolar
Ba_angry2,1,1,lip,phonemes,23,Cv,b,a,5487941,5487994,5487841,bilabial,stop,yes,bilabial
oD_angry1,0,3,control_lip,phonemes,24,vC,o,d,5495960,5496379,5495860,alveolar,stop,no,alveolar
Di_angry2,1,3,lip,phonemes,25,Cv,d,i,5503959,5504048,5503859,alveolar,stop,yes,alveolar
Bu_angry1,1,1,lip,phonemes,26,Cv,b,u,5511984,5512053,5511884,bilabial,stop,yes,bilabial
Pe_angry2,0,2,control_lip,phonemes,27,Cv,p,e,5519938,5520084,5519838,bilabial,stop,no,bilabial
Ti_happy1,1,4,lip,phonemes,28,Cv,t,i,5527935,5528030,5527835,alveolar,stop,no,alveolar
uP_happy1,1,2,lip,phonemes,29,vC,u,p,5535960,5536241,5535860,alveolar,stop,no,alveolar
uB_angry2,0,1,control_lip,phonemes,30,vC,u,b,5543943,5544282,5543843,alveolar,stop,no,alveolar
iT_happy2,1,4,lip,phonemes,31,vC,i,t,5551943,5552218,5551843,alveolar,stop,no,alveolar
uP_angry1,0,2,control_lip,phonemes,32,vC,u,p,5559952,5560294,5559852,alveolar,stop,no,alveolar
Do_angry1,1,3,lip,phonemes,33,Cv,d,o,5567962,5568015,5567862,alveolar,stop,yes,alveolar
Bi_angry1,0,1,control_lip,phonemes,34,Cv,b,i,5575966,5576028,5575866,bilabial,stop,yes,bilabial
De_happy2,1,3,lip,phonemes,35,Cv,d,e,5583947,5583998,5583847,alveolar,stop,yes,alveolar
oT_angry1,0,4,control_lip,phonemes,36,vC,o,t,5591948,5592279,5591848,alveolar,stop,no,alveolar
Da_happy2,1,3,lip,phonemes,37,Cv,d,a,5599932,5599987,5599832,alveolar,stop,yes,alveolar
Be_happy1,1,1,lip,phonemes,38,Cv,b,e,5607956,5608010,5607856,bilabial,stop,yes,bilabial
iB_happy2,1,1,lip,phonemes,39,vC,i,b,5615949,5616273,5615849,alveolar,stop,no,alveolar
Pi_happy2,0,2,control_lip,phonemes,40,Cv,p,i,5623949,5624049,5623849,bilabial,stop,no,bilabial
Bi_happy2,1,1,lip,phonemes,41,Cv,b,i,5631933,5631987,5631833,bilabial,stop,yes,bilabial
iP_angry2,1,2,lip,phonemes,42,vC,i,p,5639959,5640280,5639859,alveolar,stop,no,alveolar
eT_angry2,1,4,lip,phonemes,43,vC,e,t,5647952,5648242,5647852,alveolar,stop,no,alveolar
oD_angry2,0,3,control_lip,phonemes,44,vC,o,d,5655951,5656362,5655851,alveolar,stop,no,alveolar
Da_angry1,1,3,lip,phonemes,45,Cv,d,a,5663937,5663991,5663837,alveolar,stop,yes,alveolar
Be_happy2,0,1,control_lip,phonemes,46,Cv,b,e,5671972,5672117,5671872,bilabial,stop,yes,bilabial
Pa_happy1,1,2,lip,phonemes,47,Cv,p,a,5679954,5680092,5679854,bilabial,stop,no,bilabial
aP_angry1,1,2,lip,phonemes,48,vC,a,p,5687946,5688280,5687846,alveolar,stop,no,alveolar
uD_angry2,1,3,lip,phonemes,49,vC,u,d,5695937,5696302,5695837,alveolar,stop,no,alveolar
Ta_angry1,0,4,control_lip,phonemes,50,Cv,t,a,5703957,5704065,5703857,alveolar,stop,no,alveolar
eB_happy1,1,1,lip,phonemes,51,vC,e,b,5711956,5712201,5711856,alveolar,stop,no,alveolar
oP_angry2,0,2,control_lip,phonemes,52,vC,o,p,5719948,NaN,5719848,alveolar,stop,no,alveolar
Te_happy1,0,4,control_lip,phonemes,53,Cv,t,e,5727951,5728064,5727851,alveolar,stop,no,alveolar
aP_happy2,1,2,lip,phonemes,54,vC,a,p,5735932,5736212,5735832,alveolar,stop,no,alveolar
Bo_angry1,0,1,control_lip,phonemes,55,Cv,b,o,5743952,5744006,5743852,bilabial,stop,yes,bilabial
Ti_angry1,0,4,control_lip,phonemes,56,Cv,t,i,5751941,5752115,5751841,alveolar,stop,no,alveolar
aB_angry2,0,1,control_lip,phonemes,57,vC,a,b,5759924,5760264,5759824,alveolar,stop,no,alveolar
Po_happy1,0,2,control_lip,phonemes,58,Cv,p,o,5767938,5768033,5767838,bilabial,stop,no,bilabial
aD_angry2,1,3,lip,phonemes,59,vC,a,d,5775927,5776250,5775827,alveolar,stop,no,alveolar
iP_angry1,1,2,lip,phonemes,60,vC,i,p,5783952,5784279,5783852,alveolar,stop,no,alveolar
oT_happy2,1,4,lip,phonemes,61,vC,o,t,5823948,5824289,5823848,alveolar,stop,no,alveolar
Ti_happy2,1,4,lip,phonemes,62,Cv,t,i,5831939,5832031,5831839,alveolar,stop,no,alveolar
De_angry1,0,3,control_lip,phonemes,63,Cv,d,e,5839969,5840015,5839869,alveolar,stop,yes,alveolar
uB_angry1,1,1,lip,phonemes,64,vC,u,b,5847957,5848294,5847857,alveolar,stop,no,alveolar
oD_angry1,1,3,lip,phonemes,65,vC,o,d,5855949,5856368,5855849,alveolar,stop,no,alveolar
Bi_angry2,0,1,control_lip,phonemes,66,Cv,b,i,5863933,5863988,5863833,bilabial,stop,yes,bilabial
Pe_happy1,1,2,lip,phonemes,67,Cv,p,e,5871933,5872034,5871833,bilabial,stop,no,bilabial
oP_happy1,0,2,control_lip,phonemes,68,vC,o,p,5879969,5880304,5879869,alveolar,stop,no,alveolar
iD_angry1,1,3,lip,phonemes,69,vC,i,d,5887951,5888271,5887851,alveolar,stop,no,alveolar
oP_angry1,1,2,lip,phonemes,70,vC,o,p,5895944,5896262,5895844,alveolar,stop,no,alveolar
eP_happy2,1,2,lip,phonemes,71,vC,e,p,5903935,5904220,5903835,alveolar,stop,no,alveolar
Bo_happy2,1,1,lip,phonemes,72,Cv,b,o,5911961,5912015,5911861,bilabial,stop,yes,bilabial
De_happy1,0,3,control_lip,phonemes,73,Cv,d,e,5919953,5920003,5919853,alveolar,stop,yes,alveolar
To_happy1,1,4,lip,phonemes,74,Cv,t,o,5927945,5928027,5927845,alveolar,stop,no,alveolar
aP_happy1,1,2,lip,phonemes,75,vC,a,p,5935938,5936243,5935838,alveolar,stop,no,alveolar
Ta_angry2,0,4,control_lip,phonemes,76,Cv,t,a,5943972,5944057,5943872,alveolar,stop,no,alveolar
eD_angry2,0,3,control_lip,phonemes,77,vC,e,d,5951977,5952286,5951877,alveolar,stop,no,alveolar
iB_angry2,0,1,control_lip,phonemes,78,vC,i,b,5959964,5960294,5959864,alveolar,stop,no,alveolar
Po_angry1,1,2,lip,phonemes,79,Cv,p,o,5967941,5968020,5967841,bilabial,stop,no,bilabial
Bu_angry2,0,1,control_lip,phonemes,80,Cv,b,u,5975978,5976047,5975878,bilabial,stop,yes,bilabial
iP_happy1,0,2,control_lip,phonemes,81,vC,i,p,5983971,5984280,5983871,alveolar,stop,no,alveolar
uT_angry1,1,4,lip,phonemes,82,vC,u,t,5991950,5992269,5991850,alveolar,stop,no,alveolar
oT_happy1,1,4,lip,phonemes,83,vC,o,t,5999942,6000269,5999842,alveolar,stop,no,alveolar
Pi_angry2,1,2,lip,phonemes,84,Cv,p,i,6007935,6008051,6007835,bilabial,stop,no,bilabial
oB_happy2,1,1,lip,phonemes,85,vC,o,b,6015960,6016290,6015860,alveolar,stop,no,alveolar
aT_angry2,1,4,lip,phonemes,86,vC,a,t,6023952,6024267,6023852,alveolar,stop,no,alveolar
Ba_happy2,0,1,control_lip,phonemes,87,Cv,b,a,6031928,6032043,6031828,bilabial,stop,yes,bilabial
Da_angry2,1,3,lip,phonemes,88,Cv,d,a,6039938,6039994,6039838,alveolar,stop,yes,alveolar
eD_happy1,0,3,control_lip,phonemes,89,vC,e,d,6047946,6048215,6047846,alveolar,stop,no,alveolar
eT_angry1,1,4,lip,phonemes,90,vC,e,t,6055955,6056225,6055855,alveolar,stop,no,alveolar
Pa_angry2,1,2,lip,phonemes,91,Cv,p,a,6063947,6064036,6063847,bilabial,stop,no,bilabial
aP_angry2,1,2,lip,phonemes,92,vC,a,p,6071939,6072281,6071839,alveolar,stop,no,alveolar
aD_happy2,1,3,lip,phonemes,93,vC,a,d,6079965,6080230,6079865,alveolar,stop,no,alveolar
uB_happy2,0,1,control_lip,phonemes,94,vC,u,b,6087963,6088300,6087863,alveolar,stop,no,alveolar
Du_happy2,1,3,lip,phonemes,95,Cv,d,u,6095949,6096029,6095849,alveolar,stop,yes,alveolar
iP_happy2,0,2,control_lip,phonemes,96,vC,i,p,6103945,6104262,6103845,alveolar,stop,no,alveolar
oT_angry2,1,4,lip,phonemes,97,vC,o,t,6111968,6112277,6111868,alveolar,stop,no,alveolar
eD_happy2,1,3,lip,phonemes,98,vC,e,d,6119959,6120242,6119859,alveolar,stop,no,alveolar
To_angry2,1,4,lip,phonemes,99,Cv,t,o,6127951,6128049,6127851,alveolar,stop,no,alveolar
Du_happy1,1,3,lip,phonemes,100,Cv,d,u,6135944,6136028,6135844,alveolar,stop,yes,alveolar
Pi_angry1,1,2,lip,phonemes,101,Cv,p,i,6143968,6144133,6143868,bilabial,stop,no,bilabial
To_happy2,1,4,lip,phonemes,102,Cv,t,o,6151961,6152048,6151861,alveolar,stop,no,alveolar
Du_angry2,1,3,lip,phonemes,103,Cv,d,u,6159953,6160039,6159853,alveolar,stop,yes,alveolar
iB_happy1,1,1,lip,phonemes,104,vC,i,b,6167947,6168283,6167847,alveolar,stop,no,alveolar
Be_angry2,1,1,lip,phonemes,105,Cv,b,e,6175939,6175993,6175839,bilabial,stop,yes,bilabial
Pe_happy2,1,2,lip,phonemes,106,Cv,p,e,6183964,6184107,6183864,bilabial,stop,no,bilabial
Do_angry2,0,3,control_lip,phonemes,107,Cv,d,o,6191984,6192037,6191884,alveolar,stop,yes,alveolar
eB_angry2,1,1,lip,phonemes,108,vC,e,b,6199948,6200218,6199848,alveolar,stop,no,alveolar
Tu_happy1,1,4,lip,phonemes,109,Cv,t,u,6207940,6208036,6207840,alveolar,stop,no,alveolar
iT_happy1,1,4,lip,phonemes,110,vC,i,t,6215966,6216249,6215866,alveolar,stop,no,alveolar
eP_angry1,0,2,control_lip,phonemes,111,vC,e,p,6223940,6224229,6223840,alveolar,stop,no,alveolar
oB_angry2,1,1,lip,phonemes,112,vC,o,b,6231950,6232282,6231850,alveolar,stop,no,alveolar
Te_angry2,1,4,lip,phonemes,113,Cv,t,e,6239943,6240055,6239843,alveolar,stop,no,alveolar
uD_happy1,1,3,lip,phonemes,114,vC,u,d,6247968,6248316,6247868,alveolar,stop,no,alveolar
Bo_happy1,1,1,lip,phonemes,115,Cv,b,o,6255959,6256013,6255859,bilabial,stop,yes,bilabial
eP_happy1,1,2,lip,phonemes,116,vC,e,p,6263952,6264237,6263852,alveolar,stop,no,alveolar
Pa_happy2,1,2,lip,phonemes,117,Cv,p,a,6271944,6272104,6271844,bilabial,stop,no,bilabial
aB_happy2,0,1,control_lip,phonemes,118,vC,a,b,6279984,6280319,6279884,alveolar,stop,no,alveolar
aT_happy2,0,4,control_lip,phonemes,119,vC,a,t,6287967,6288208,6287867,alveolar,stop,no,alveolar
Tu_angry1,1,4,lip,phonemes,120,Cv,t,u,6295954,6296066,6295854,alveolar,stop,no,alveolar
aB_happy2,1,1,lip,phonemes,1,vC,a,b,6447241,6447576,6447141,alveolar,stop,no,alveolar
aT_happy2,1,4,lip,phonemes,2,vC,a,t,6455233,6455474,6455133,alveolar,stop,no,alveolar
uP_happy2,0,2,control_lip,phonemes,3,vC,u,p,6463222,6463552,6463122,alveolar,stop,no,alveolar
Do_angry2,1,3,lip,phonemes,4,Cv,d,o,6471217,6471270,6471117,alveolar,stop,yes,alveolar
eP_angry1,1,2,lip,phonemes,5,vC,e,p,6479211,6479500,6479111,alveolar,stop,no,alveolar
uT_happy1,0,4,control_lip,phonemes,6,vC,u,t,6487228,6487545,6487128,alveolar,stop,no,alveolar
Te_happy2,1,4,lip,phonemes,7,Cv,t,e,6495228,6495342,6495128,alveolar,stop,no,alveolar
aP_angry1,0,2,control_lip,phonemes,8,vC,a,p,6503226,6503560,6503126,alveolar,stop,no,alveolar
Ta_angry2,1,4,lip,phonemes,9,Cv,t,a,6511214,6511299,6511114,alveolar,stop,no,alveolar
Pu_happy2,0,2,control_lip,phonemes,10,Cv,p,u,6519245,6519327,6519145,bilabial,stop,no,bilabial
Tu_happy1,0,4,control_lip,phonemes,11,Cv,t,u,6527227,6527323,6527127,alveolar,stop,no,alveolar
iD_happy2,1,3,lip,phonemes,12,vC,i,d,6535222,6535561,6535122,alveolar,stop,no,alveolar
eB_happy2,1,1,lip,phonemes,13,vC,e,b,6543214,6543456,6543114,alveolar,stop,no,alveolar
Ba_happy2,1,1,lip,phonemes,14,Cv,b,a,6551207,6551322,6551107,bilabial,stop,yes,bilabial
eD_angry2,1,3,lip,phonemes,15,vC,e,d,6559231,6559540,6559131,alveolar,stop,no,alveolar
Pa_happy1,0,2,control_lip,phonemes,17,Cv,p,a,6569872,6570010,6569772,bilabial,stop,no,bilabial
Do_happy2,1,3,lip,phonemes,18,Cv,d,o,6583208,6583260,6583108,alveolar,stop,yes,alveolar
Bu_happy2,1,1,lip,phonemes,19,Cv,b,u,6591234,6591302,6591134,bilabial,stop,yes,bilabial
aB_angry1,1,1,lip,phonemes,20,vC,a,b,6599226,6599567,6599126,alveolar,stop,no,alveolar
aT_happy1,1,4,lip,phonemes,21,vC,a,t,6607218,6607500,6607118,alveolar,stop,no,alveolar
Po_angry1,0,2,control_lip,phonemes,22,Cv,p,o,6615215,6615294,6615115,bilabial,stop,no,bilabial
uD_angry1,1,3,lip,phonemes,23,vC,u,d,6623283,6623673,6623183,alveolar,stop,no,alveolar
Di_happy1,1,3,lip,phonemes,24,Cv,d,i,6631228,6631311,6631128,alveolar,stop,yes,alveolar
iB_angry1,1,1,lip,phonemes,25,vC,i,b,6639221,6639557,6639121,alveolar,stop,no,alveolar
Ta_happy1,1,4,lip,phonemes,26,Cv,t,a,6647212,6647349,6647112,alveolar,stop,no,alveolar
Ba_happy1,1,1,lip,phonemes,27,Cv,b,a,6655238,6655320,6655138,bilabial,stop,yes,bilabial
eT_angry1,0,4,control_lip,phonemes,28,vC,e,t,6663230,6663500,6663130,alveolar,stop,no,alveolar
Do_happy1,1,3,lip,phonemes,29,Cv,d,o,6671223,6671275,6671123,alveolar,stop,yes,alveolar
oD_happy2,1,3,lip,phonemes,30,vC,o,d,6679216,6679554,6679116,alveolar,stop,no,alveolar
Ba_angry2,1,1,lip,phonemes,31,Cv,b,a,6687241,6687294,6687141,bilabial,stop,yes,bilabial
To_angry2,0,4,control_lip,phonemes,32,Cv,t,o,6695239,6695337,6695139,alveolar,stop,no,alveolar
eD_happy1,1,3,lip,phonemes,33,vC,e,d,6703225,6703494,6703125,alveolar,stop,no,alveolar
iP_happy2,1,2,lip,phonemes,34,vC,i,p,6711218,6711535,6711118,alveolar,stop,no,alveolar
Di_angry2,0,3,control_lip,phonemes,35,Cv,d,i,6719224,6719313,6719124,alveolar,stop,yes,alveolar
Bu_angry2,1,1,lip,phonemes,36,Cv,b,u,6727235,6727304,6727135,bilabial,stop,yes,bilabial
Pu_angry1,1,2,lip,phonemes,37,Cv,p,u,6735227,6735310,6735127,bilabial,stop,no,bilabial
Bu_happy1,1,1,lip,phonemes,38,Cv,b,u,6743221,6743288,6743121,bilabial,stop,yes,bilabial
De_angry1,1,3,lip,phonemes,39,Cv,d,e,6751211,6751257,6751111,alveolar,stop,yes,alveolar
oB_happy2,0,1,control_lip,phonemes,40,vC,o,b,6759238,6759568,6759138,alveolar,stop,no,alveolar
oD_angry2,1,3,lip,phonemes,41,vC,o,d,6767231,6767642,6767131,alveolar,stop,no,alveolar
Pi_angry2,0,2,control_lip,phonemes,42,Cv,p,i,6775253,6775369,6775153,bilabial,stop,no,bilabial
Bo_angry1,1,1,lip,phonemes,43,Cv,b,o,6783214,6783268,6783114,bilabial,stop,yes,bilabial
oT_happy1,0,4,control_lip,phonemes,44,vC,o,t,6791218,6791545,6791118,alveolar,stop,no,alveolar
uB_happy2,1,1,lip,phonemes,45,vC,u,b,6799232,6799569,6799132,alveolar,stop,no,alveolar
oT_angry1,1,4,lip,phonemes,46,vC,o,t,6807224,6807555,6807124,alveolar,stop,no,alveolar
Pe_happy2,0,2,control_lip,phonemes,47,Cv,p,e,6815181,6815324,6815081,bilabial,stop,no,bilabial
Di_happy2,1,3,lip,phonemes,48,Cv,d,i,6823241,6823323,6823141,alveolar,stop,yes,alveolar
oP_happy2,1,2,lip,phonemes,49,vC,o,p,6831235,6831558,6831135,alveolar,stop,no,alveolar
eB_angry2,0,1,control_lip,phonemes,50,vC,e,b,6839236,6839506,6839136,alveolar,stop,no,alveolar
aT_angry1,1,4,lip,phonemes,51,vC,a,t,6847219,6847527,6847119,alveolar,stop,no,alveolar
Pa_happy2,0,2,control_lip,phonemes,52,Cv,p,a,6855212,6855372,6855112,bilabial,stop,no,bilabial
Tu_angry1,0,4,control_lip,phonemes,53,Cv,t,u,6863219,6863331,6863119,alveolar,stop,no,alveolar
Bi_angry2,1,1,lip,phonemes,54,Cv,b,i,6871228,6871283,6871128,bilabial,stop,yes,bilabial
oB_angry1,1,1,lip,phonemes,55,vC,o,b,6879221,6879561,6879121,alveolar,stop,no,alveolar
Pi_happy1,1,2,lip,phonemes,56,Cv,p,i,6887213,6887272,6887113,bilabial,stop,no,bilabial
aT_angry2,1,4,lip,phonemes,57,vC,a,t,6895240,6895555,6895140,alveolar,stop,no,alveolar
Ba_angry1,1,1,lip,phonemes,58,Cv,b,a,6903231,6903284,6903131,bilabial,stop,yes,bilabial
Pu_happy1,1,2,lip,phonemes,59,Cv,p,u,6911223,6911302,6911123,bilabial,stop,no,bilabial
Tu_angry2,1,4,lip,phonemes,60,Cv,t,u,6919214,6919327,6919114,alveolar,stop,no,alveolar
Ti_angry1,1,4,lip,phonemes,61,Cv,t,i,6959243,6959417,6959143,alveolar,stop,no,alveolar
uD_happy1,0,3,control_lip,phonemes,62,vC,u,d,6967237,6967585,6967137,alveolar,stop,no,alveolar
Ta_angry1,1,4,lip,phonemes,63,Cv,t,a,6975229,6975337,6975129,alveolar,stop,no,alveolar
Te_happy1,1,4,lip,phonemes,64,Cv,t,e,6983220,6983333,6983120,alveolar,stop,no,alveolar
Pi_happy2,1,2,lip,phonemes,65,Cv,p,i,6991213,6991313,6991113,bilabial,stop,no,bilabial
oB_angry2,0,1,control_lip,phonemes,66,vC,o,b,6999232,6999564,6999132,alveolar,stop,no,alveolar
Da_angry2,0,3,control_lip,phonemes,67,Cv,d,a,7007219,7007275,7007119,alveolar,stop,yes,alveolar
Be_happy2,1,1,lip,phonemes,68,Cv,b,e,7015221,7015366,7015121,bilabial,stop,yes,bilabial
iT_angry2,1,4,lip,phonemes,69,vC,i,t,7023215,7023459,7023115,alveolar,stop,no,alveolar
iP_angry1,0,2,control_lip,phonemes,70,vC,i,p,7031263,7031590,7031163,alveolar,stop,no,alveolar
iT_happy1,0,4,control_lip,phonemes,71,vC,i,t,7039228,7039511,7039128,alveolar,stop,no,alveolar
aD_happy2,0,3,control_lip,phonemes,72,vC,a,d,7047234,7047499,7047134,alveolar,stop,no,alveolar
To_happy2,0,4,control_lip,phonemes,73,Cv,t,o,7055225,7055312,7055125,alveolar,stop,no,alveolar
Pe_angry2,1,2,lip,phonemes,74,Cv,p,e,7063278,7063424,7063178,bilabial,stop,no,bilabial
eT_happy2,1,4,lip,phonemes,75,vC,e,t,7071235,7071498,7071135,alveolar,stop,no,alveolar
Ti_angry2,1,4,lip,phonemes,76,Cv,t,i,7079226,7079400,7079126,alveolar,stop,no,alveolar
Ta_happy2,1,4,lip,phonemes,77,Cv,t,a,7087219,7087289,7087119,alveolar,stop,no,alveolar
uP_angry2,0,2,control_lip,phonemes,78,vC,u,p,7095231,7095615,7095131,alveolar,stop,no,alveolar
Tu_happy2,1,4,lip,phonemes,79,Cv,t,u,7103235,7103334,7103135,alveolar,stop,no,alveolar
uT_happy2,1,4,lip,phonemes,80,vC,u,t,7111229,7111557,7111129,alveolar,stop,no,alveolar
De_angry2,1,3,lip,phonemes,81,Cv,d,e,7119221,7119268,7119121,alveolar,stop,yes,alveolar
Po_happy2,1,2,lip,phonemes,82,Cv,p,o,7127215,7127295,7127115,bilabial,stop,no,bilabial
eP_angry2,1,2,lip,phonemes,83,vC,e,p,7135238,7135546,7135138,alveolar,stop,no,alveolar
eD_happy2,0,3,control_lip,phonemes,84,vC,e,d,7143211,7143494,7143111,alveolar,stop,no,alveolar
uT_angry2,1,4,lip,phonemes,85,vC,u,t,7151223,7151503,7151123,alveolar,stop,no,alveolar
iB_happy1,0,1,control_lip,phonemes,86,vC,i,b,7159210,7159546,7159110,alveolar,stop,no,alveolar
eP_happy1,0,2,control_lip,phonemes,87,vC,e,p,7167225,7167510,7167125,alveolar,stop,no,alveolar
Be_angry2,0,1,control_lip,phonemes,88,Cv,b,e,7175229,7175283,7175129,bilabial,stop,yes,bilabial
iD_happy1,1,3,lip,phonemes,89,vC,i,d,7183226,7183547,7183126,alveolar,stop,no,alveolar
uB_happy1,1,1,lip,phonemes,90,vC,u,b,7191218,7191547,7191118,alveolar,stop,no,alveolar
Du_happy1,0,3,control_lip,phonemes,91,Cv,d,u,7199257,7199341,7199157,alveolar,stop,yes,alveolar
Po_angry2,1,2,lip,phonemes,92,Cv,p,o,7207236,7207321,7207136,bilabial,stop,no,bilabial
Ti_happy1,0,4,control_lip,phonemes,93,Cv,t,i,7215223,7215318,7215123,alveolar,stop,no,alveolar
Bu_angry1,0,1,control_lip,phonemes,94,Cv,b,u,7223200,7223269,7223100,bilabial,stop,yes,bilabial
De_happy1,1,3,lip,phonemes,95,Cv,d,e,7231246,7231296,7231146,alveolar,stop,yes,alveolar
Pe_angry1,1,2,lip,phonemes,96,Cv,p,e,7239238,7239387,7239138,bilabial,stop,no,bilabial
Du_angry1,1,3,lip,phonemes,97,Cv,d,u,7247231,7247316,7247131,alveolar,stop,yes,alveolar
iP_happy1,1,2,lip,phonemes,98,vC,i,p,7255223,7255532,7255123,alveolar,stop,no,alveolar
aD_angry2,0,3,control_lip,phonemes,99,vC,a,d,7263207,7263530,7263107,alveolar,stop,no,alveolar
Bo_happy1,0,1,control_lip,phonemes,100,Cv,b,o,7271234,7271288,7271134,bilabial,stop,yes,bilabial
oP_happy1,1,2,lip,phonemes,101,vC,o,p,7279233,7279568,7279133,alveolar,stop,no,alveolar
Te_angry2,0,4,control_lip,phonemes,102,Cv,t,e,7287230,7287342,7287130,alveolar,stop,no,alveolar
Bi_angry1,1,1,lip,phonemes,103,Cv,b,i,7295218,7295280,7295118,bilabial,stop,yes,bilabial
aP_happy2,0,2,control_lip,phonemes,104,vC,a,p,7303248,7303528,7303148,alveolar,stop,no,alveolar
uB_angry2,1,1,lip,phonemes,105,vC,u,b,7311236,7311575,7311136,alveolar,stop,no,alveolar
iB_angry2,1,1,lip,phonemes,106,vC,i,b,7319227,7319557,7319127,alveolar,stop,no,alveolar
oP_angry2,1,2,lip,phonemes,107,vC,o,p,7327218,NaN,7327118,alveolar,stop,no,alveolar
uP_angry1,1,2,lip,phonemes,108,vC,u,p,7335246,7335588,7335146,alveolar,stop,no,alveolar
eD_angry1,1,3,lip,phonemes,109,vC,e,d,7343236,7343511,7343136,alveolar,stop,no,alveolar
aB_angry2,1,1,lip,phonemes,110,vC,a,b,7351228,7351568,7351128,alveolar,stop,no,alveolar
Po_happy1,1,2,lip,phonemes,111,Cv,p,o,7359220,7359315,7359120,bilabial,stop,no,bilabial
oD_happy1,1,3,lip,phonemes,112,vC,o,d,7367246,7367562,7367146,alveolar,stop,no,alveolar
Di_angry1,0,3,control_lip,phonemes,113,Cv,d,i,7375240,7375326,7375140,alveolar,stop,yes,alveolar
Te_angry1,0,4,control_lip,phonemes,114,Cv,t,e,7383227,7383340,7383127,alveolar,stop,no,alveolar
uP_happy1,1,2,lip,phonemes,115,vC,u,p,7391224,7391505,7391124,alveolar,stop,no,alveolar
To_angry1,1,4,lip,phonemes,116,Cv,t,o,7399215,7399300,7399115,alveolar,stop,no,alveolar
oB_happy1,0,1,control_lip,phonemes,117,vC,o,b,7407234,7407566,7407134,alveolar,stop,no,alveolar
iT_angry1,1,4,lip,phonemes,118,vC,i,t,7415233,7415504,7415133,alveolar,stop,no,alveolar
eT_happy1,1,4,lip,phonemes,119,vC,e,t,7423228,7423489,7423128,alveolar,stop,no,alveolar
uD_angry2,0,3,control_lip,phonemes,120,vC,u,d,7431222,7431587,7431122,alveolar,stop,no,alveolar
