Stimulus,TMS,Correct_key,TMStarget,Task,P1_TSidx,TMS_TSidx,TrialN,Phoneme1,Phoneme2,Phoneme3,P2_TSidx,P3_TSidx,Place,Manner,Voicing,Category
Ah1,0,NaN,control_tongue,single-phoneme,517187,516941,1,a,,,NaN,NaN,vowels,,,vowels
Ee1,0,NaN,control_tongue,single-phoneme,521131,520905,2,i,,,NaN,NaN,vowels,,,vowels
Eh1,0,NaN,control_tongue,single-phoneme,525067,524900,3,e,,,NaN,NaN,vowels,,,vowels
Uh1,0,NaN,control_tongue,single-phoneme,529095,528895,4,u,,,NaN,NaN,vowels,,,vowels
Oo1,0,NaN,control_tongue,single-phoneme,533048,532860,5,o,,,NaN,NaN,vowels,,,vowels
S1,0,NaN,control_tongue,single-phoneme,537150,536891,6,s,,,NaN,NaN,alveolar,fricative,no,alveolar
Z1,0,NaN,control_tongue,single-phoneme,541029,540853,7,z,,,NaN,NaN,alveolar,fricative,yes,alveolar
P1,0,NaN,control_tongue,single-phoneme,544994,544848,8,p,,,NaN,NaN,bilabial,stop,no,bilabial
B1,0,NaN,control_tongue,single-phoneme,548997,548847,9,b,,,NaN,NaN,bilabial,stop,yes,bilabial
T1,0,NaN,control_tongue,single-phoneme,553329,552840,10,t,,,NaN,NaN,alveolar,stop,no,alveolar
D1,0,NaN,control_tongue,single-phoneme,556987,556840,11,d,,,NaN,NaN,alveolar,stop,yes,alveolar
Ee2,0,NaN,control_tongue,single-phoneme,561058,560865,12,i,,,NaN,NaN,vowels,,,vowels
Uh2,0,NaN,control_tongue,single-phoneme,565044,564862,13,u,,,NaN,NaN,vowels,,,vowels
Eh2,0,NaN,control_tongue,single-phoneme,568975,568827,14,e,,,NaN,NaN,vowels,,,vowels
Oo2,0,NaN,control_tongue,single-phoneme,573036,572855,15,o,,,NaN,NaN,vowels,,,vowels
Ah2,0,NaN,control_tongue,single-phoneme,577051,576817,16,a,,,NaN,NaN,vowels,,,vowels
D2,0,NaN,control_tongue,single-phoneme,580979,580815,17,d,,,NaN,NaN,alveolar,stop,yes,alveolar
T2,0,NaN,control_tongue,single-phoneme,584998,584810,18,t,,,NaN,NaN,alveolar,stop,no,alveolar
B2,0,NaN,control_tongue,single-phoneme,588954,588809,19,b,,,NaN,NaN,bilabial,stop,yes,bilabial
P2,0,NaN,control_tongue,single-phoneme,592957,592804,20,p,,,NaN,NaN,bilabial,stop,no,bilabial
Z2,0,NaN,control_tongue,single-phoneme,597087,596798,21,z,,,NaN,NaN,alveolar,fricative,yes,alveolar
S2,0,NaN,control_tongue,single-phoneme,601045,600795,22,s,,,NaN,NaN,alveolar,fricative,no,alveolar
Eh3,0,NaN,control_tongue,single-phoneme,604940,604790,23,e,,,NaN,NaN,vowels,,,vowels
Oo3,0,NaN,control_tongue,single-phoneme,608973,608787,24,o,,,NaN,NaN,vowels,,,vowels
Ee3,0,NaN,control_tongue,single-phoneme,612976,612783,25,i,,,NaN,NaN,vowels,,,vowels
Ah3,0,NaN,control_tongue,single-phoneme,616989,616779,26,a,,,NaN,NaN,vowels,,,vowels
Uh3,0,NaN,control_tongue,single-phoneme,620949,620777,27,u,,,NaN,NaN,vowels,,,vowels
T3,0,NaN,control_tongue,single-phoneme,624935,624771,28,t,,,NaN,NaN,alveolar,stop,no,alveolar
P3,0,NaN,control_tongue,single-phoneme,628922,628767,29,p,,,NaN,NaN,bilabial,stop,no,bilabial
S3,0,NaN,control_tongue,single-phoneme,633015,632764,30,s,,,NaN,NaN,alveolar,fricative,no,alveolar
D3,0,NaN,control_tongue,single-phoneme,636915,636760,31,d,,,NaN,NaN,alveolar,stop,yes,alveolar
B3,0,NaN,control_tongue,single-phoneme,640927,640787,32,b,,,NaN,NaN,bilabial,stop,yes,bilabial
Z3,0,NaN,control_tongue,single-phoneme,645016,644756,33,z,,,NaN,NaN,alveolar,fricative,yes,alveolar
Uh4,0,NaN,control_tongue,single-phoneme,648971,648748,34,u,,,NaN,NaN,vowels,,,vowels
Oo4,0,NaN,control_tongue,single-phoneme,652938,652777,35,o,,,NaN,NaN,vowels,,,vowels
Ee4,0,NaN,control_tongue,single-phoneme,657662,656807,36,i,,,NaN,NaN,vowels,,,vowels
Ah4,0,NaN,control_tongue,single-phoneme,661026,660805,37,a,,,NaN,NaN,vowels,,,vowels
Eh4,0,NaN,control_tongue,single-phoneme,664956,664800,38,e,,,NaN,NaN,vowels,,,vowels
S3,0,NaN,control_tongue,single-phoneme,669047,668796,39,s,,,NaN,NaN,alveolar,fricative,no,alveolar
P3,0,NaN,control_tongue,single-phoneme,672947,672792,40,p,,,NaN,NaN,bilabial,stop,no,bilabial
T3,0,NaN,control_tongue,single-phoneme,676952,676788,41,t,,,NaN,NaN,alveolar,stop,no,alveolar
Z3,0,NaN,control_tongue,single-phoneme,681043,680783,42,z,,,NaN,NaN,alveolar,fricative,yes,alveolar
B3,0,NaN,control_tongue,single-phoneme,684920,684780,43,b,,,NaN,NaN,bilabial,stop,yes,bilabial
D3,0,NaN,control_tongue,single-phoneme,688930,688775,44,d,,,NaN,NaN,alveolar,stop,yes,alveolar
Oo5,0,NaN,control_tongue,single-phoneme,692960,692808,45,o,,,NaN,NaN,vowels,,,vowels
Ah5,0,NaN,control_tongue,single-phoneme,696983,696801,46,a,,,NaN,NaN,vowels,,,vowels
Uh5,0,NaN,control_tongue,single-phoneme,700983,700828,47,u,,,NaN,NaN,vowels,,,vowels
Eh5,0,NaN,control_tongue,single-phoneme,704976,704794,48,e,,,NaN,NaN,vowels,,,vowels
Ee5,0,NaN,control_tongue,single-phoneme,708975,708822,49,i,,,NaN,NaN,vowels,,,vowels
Z5,0,NaN,control_tongue,single-phoneme,713009,712786,50,z,,,NaN,NaN,alveolar,fricative,yes,alveolar
P5,0,NaN,control_tongue,single-phoneme,716930,716783,51,p,,,NaN,NaN,bilabial,stop,no,bilabial
D5,0,NaN,control_tongue,single-phoneme,720988,720810,52,d,,,NaN,NaN,alveolar,stop,yes,alveolar
S5,0,NaN,control_tongue,single-phoneme,725006,724807,53,s,,,NaN,NaN,alveolar,fricative,no,alveolar
T5,0,NaN,control_tongue,single-phoneme,728982,728803,54,t,,,NaN,NaN,alveolar,stop,no,alveolar
B5,0,NaN,control_tongue,single-phoneme,732946,732799,55,b,,,NaN,NaN,bilabial,stop,yes,bilabial
Bo_happy1,1,7,tongue,phonemes,736897,736797,56,b,o,,736951,NaN,bilabial,stop,yes,bilabial
Tu_happy1,0,5,control_tongue,phonemes,742523,742423,57,t,u,,742619,NaN,alveolar,stop,no,alveolar
Do_happy1,1,4,tongue,phonemes,748122,748022,58,d,o,,748174,NaN,alveolar,stop,yes,alveolar
Pa_happy1,1,8,tongue,phonemes,753748,753648,59,p,a,,753886,NaN,bilabial,stop,no,bilabial
Pe_angry2,1,8,tongue,phonemes,759342,759242,60,p,e,,759488,NaN,bilabial,stop,no,bilabial
Be_happy1,1,7,tongue,phonemes,764971,764871,61,b,e,,765025,NaN,bilabial,stop,yes,bilabial
Da_happy2,0,4,control_tongue,phonemes,770564,770464,62,d,a,,770619,NaN,alveolar,stop,yes,alveolar
Po_angry2,1,8,tongue,phonemes,776159,776059,63,p,o,,776244,NaN,bilabial,stop,no,bilabial
Bi_angry1,0,7,control_tongue,phonemes,781752,781652,64,b,i,,781814,NaN,bilabial,stop,yes,bilabial
Ti_happy2,1,5,tongue,phonemes,787349,787249,65,t,i,,787441,NaN,alveolar,stop,no,alveolar
Di_happy1,0,4,control_tongue,phonemes,792941,792841,66,d,i,,793024,NaN,alveolar,stop,yes,alveolar
Bi_happy2,1,7,tongue,phonemes,798539,798439,67,b,i,,798593,NaN,bilabial,stop,yes,bilabial
Da_angry1,1,4,tongue,phonemes,804147,804047,68,d,a,,804201,NaN,alveolar,stop,yes,alveolar
Ta_angry2,1,5,tongue,phonemes,809726,809626,69,t,a,,809811,NaN,alveolar,stop,no,alveolar
De_angry1,1,4,tongue,phonemes,815321,815221,70,d,e,,815367,NaN,alveolar,stop,yes,alveolar
Bo_angry1,0,7,control_tongue,phonemes,820914,820814,71,b,o,,820968,NaN,bilabial,stop,yes,bilabial
Du_happy2,1,4,tongue,phonemes,826544,826444,72,d,u,,826624,NaN,alveolar,stop,yes,alveolar
Po_happy2,1,8,tongue,phonemes,832138,832038,73,p,o,,832218,NaN,bilabial,stop,no,bilabial
Bu_angry1,1,7,tongue,phonemes,837732,837632,74,b,u,,837801,NaN,bilabial,stop,yes,bilabial
Te_happy1,0,5,control_tongue,phonemes,843359,843259,75,t,e,,843472,NaN,alveolar,stop,no,alveolar
Pu_angry2,1,8,tongue,phonemes,848956,848856,76,p,u,,849071,NaN,bilabial,stop,no,bilabial
Du_angry1,1,4,tongue,phonemes,854549,854449,77,d,u,,854634,NaN,alveolar,stop,yes,alveolar
Pe_angry1,1,8,tongue,phonemes,860146,860046,78,p,e,,860295,NaN,bilabial,stop,no,bilabial
Di_angry2,1,4,tongue,phonemes,865739,865639,79,d,i,,865828,NaN,alveolar,stop,yes,alveolar
Pi_happy1,1,8,tongue,phonemes,871331,871231,80,p,i,,871390,NaN,bilabial,stop,no,bilabial
Ta_angry1,0,5,control_tongue,phonemes,876927,876827,81,t,a,,877035,NaN,alveolar,stop,no,alveolar
Be_angry1,1,7,tongue,phonemes,882527,882427,82,b,e,,882580,NaN,bilabial,stop,yes,bilabial
Pi_happy2,1,8,tongue,phonemes,888118,888018,83,p,i,,888218,NaN,bilabial,stop,no,bilabial
Da_happy1,1,4,tongue,phonemes,893711,893611,84,d,a,,893787,NaN,alveolar,stop,yes,alveolar
Bu_angry2,1,7,tongue,phonemes,899339,899239,85,b,u,,899408,NaN,bilabial,stop,yes,bilabial
Bo_angry2,1,7,tongue,phonemes,904933,904833,86,b,o,,904987,NaN,bilabial,stop,yes,bilabial
De_angry2,0,4,control_tongue,phonemes,910527,910427,87,d,e,,910574,NaN,alveolar,stop,yes,alveolar
Tu_happy2,1,5,tongue,phonemes,916123,916023,88,t,u,,916222,NaN,alveolar,stop,no,alveolar
Pa_angry2,0,8,control_tongue,phonemes,921719,921619,89,p,a,,921808,NaN,bilabial,stop,no,bilabial
De_happy2,1,4,tongue,phonemes,927313,927213,90,d,e,,927364,NaN,alveolar,stop,yes,alveolar
Ti_happy1,1,5,tongue,phonemes,932907,932807,91,t,i,,933002,NaN,alveolar,stop,no,alveolar
Pa_angry1,1,8,tongue,phonemes,938535,938435,92,p,a,,938669,NaN,bilabial,stop,no,bilabial
Pe_happy2,0,8,control_tongue,phonemes,944129,944029,93,p,e,,944272,NaN,bilabial,stop,no,bilabial
Bi_happy1,1,7,tongue,phonemes,949724,949624,94,b,i,,949778,NaN,bilabial,stop,yes,bilabial
Tu_angry2,1,5,tongue,phonemes,955318,955218,95,t,u,,955431,NaN,alveolar,stop,no,alveolar
Bu_happy1,0,7,control_tongue,phonemes,960913,960813,96,b,u,,960980,NaN,bilabial,stop,yes,bilabial
Do_angry1,1,4,tongue,phonemes,966509,966409,97,d,o,,966562,NaN,alveolar,stop,yes,alveolar
To_happy2,1,5,tongue,phonemes,972101,972001,98,t,o,,972188,NaN,alveolar,stop,no,alveolar
Po_happy1,0,8,control_tongue,phonemes,977696,977596,99,p,o,,977791,NaN,bilabial,stop,no,bilabial
Ti_angry1,0,5,control_tongue,phonemes,983290,983190,100,t,i,,983464,NaN,alveolar,stop,no,alveolar
Pu_angry1,0,8,control_tongue,phonemes,988884,988784,101,p,u,,988967,NaN,bilabial,stop,no,bilabial
Do_happy2,0,4,control_tongue,phonemes,994480,994380,102,d,o,,994532,NaN,alveolar,stop,yes,alveolar
Ta_happy2,1,5,tongue,phonemes,1000074,999974,103,t,a,,1000144,NaN,alveolar,stop,no,alveolar
Ba_angry1,0,7,control_tongue,phonemes,1005668,1005568,104,b,a,,1005721,NaN,bilabial,stop,yes,bilabial
Pu_happy2,1,8,tongue,phonemes,1011265,1011165,105,p,u,,1011347,NaN,bilabial,stop,no,bilabial
Di_angry1,1,4,tongue,phonemes,1016860,1016760,106,d,i,,1016946,NaN,alveolar,stop,yes,alveolar
To_angry2,1,5,tongue,phonemes,1022453,1022353,107,t,o,,1022551,NaN,alveolar,stop,no,alveolar
Pi_angry1,0,8,control_tongue,phonemes,1028080,1027980,108,p,i,,1028245,NaN,bilabial,stop,no,bilabial
Ba_happy1,1,7,tongue,phonemes,1033679,1033579,109,b,a,,1033761,NaN,bilabial,stop,yes,bilabial
To_angry1,0,5,control_tongue,phonemes,1039301,1039201,110,t,o,,1039386,NaN,alveolar,stop,no,alveolar
Te_angry1,1,5,tongue,phonemes,1044899,1044799,111,t,e,,1045012,NaN,alveolar,stop,no,alveolar
Be_happy2,0,7,control_tongue,phonemes,1050492,1050392,112,b,e,,1050637,NaN,bilabial,stop,yes,bilabial
Te_angry2,1,5,tongue,phonemes,1056121,1056021,113,t,e,,1056233,NaN,alveolar,stop,no,alveolar
Ba_angry2,1,7,tongue,phonemes,1061749,1061649,114,b,a,,1061802,NaN,bilabial,stop,yes,bilabial
Du_angry2,0,4,control_tongue,phonemes,1067376,1067276,115,d,u,,1067462,NaN,alveolar,stop,yes,alveolar
Pe_happy1,1,8,tongue,phonemes,1104940,1104840,116,p,e,,1105041,NaN,bilabial,stop,no,bilabial
Ta_happy1,1,5,tongue,phonemes,1110535,1110435,117,t,a,,1110672,NaN,alveolar,stop,no,alveolar
Bu_angry1,1,7,tongue,phonemes,1116129,1116029,118,b,u,,1116198,NaN,bilabial,stop,yes,bilabial
To_happy2,0,5,control_tongue,phonemes,1121723,1121623,119,t,o,,1121810,NaN,alveolar,stop,no,alveolar
Da_angry2,1,4,tongue,phonemes,1127318,1127218,120,d,a,,1127374,NaN,alveolar,stop,yes,alveolar
Pu_happy2,0,8,control_tongue,phonemes,1132912,1132812,121,p,u,,1132994,NaN,bilabial,stop,no,bilabial
De_happy1,1,4,tongue,phonemes,1138508,1138408,122,d,e,,1138558,NaN,alveolar,stop,yes,alveolar
Bu_happy1,1,7,tongue,phonemes,1144103,1144003,123,b,u,,1144170,NaN,bilabial,stop,yes,bilabial
Do_angry1,1,4,tongue,phonemes,1149697,1149597,124,d,o,,1149750,NaN,alveolar,stop,yes,alveolar
Pi_angry1,1,8,tongue,phonemes,1155291,1155191,125,p,i,,1155456,NaN,bilabial,stop,no,bilabial
Bo_angry2,0,7,control_tongue,phonemes,1160919,1160819,126,b,o,,1160973,NaN,bilabial,stop,yes,bilabial
Ta_happy2,1,5,tongue,phonemes,1166514,1166414,127,t,a,,1166584,NaN,alveolar,stop,no,alveolar
De_happy2,1,4,tongue,phonemes,1172109,1172009,128,d,e,,1172160,NaN,alveolar,stop,yes,alveolar
Pe_angry1,0,8,control_tongue,phonemes,1177702,1177602,129,p,e,,1177851,NaN,bilabial,stop,no,bilabial
Pu_angry1,1,8,tongue,phonemes,1183297,1183197,130,p,u,,1183380,NaN,bilabial,stop,no,bilabial
Da_angry1,0,4,control_tongue,phonemes,1188890,1188790,131,d,a,,1188944,NaN,alveolar,stop,yes,alveolar
Bi_happy2,1,7,tongue,phonemes,1194487,1194387,132,b,i,,1194541,NaN,bilabial,stop,yes,bilabial
Do_happy1,1,4,tongue,phonemes,1200081,1199981,133,d,o,,1200133,NaN,alveolar,stop,yes,alveolar
Pi_happy1,0,8,control_tongue,phonemes,1205675,1205575,134,p,i,,1205734,NaN,bilabial,stop,no,bilabial
Do_angry2,0,4,control_tongue,phonemes,1211269,1211169,135,d,o,,1211322,NaN,alveolar,stop,yes,alveolar
Ti_happy2,1,5,tongue,phonemes,1216864,1216764,136,t,i,,1216956,NaN,alveolar,stop,no,alveolar
Bo_happy1,1,7,tongue,phonemes,1222493,1222393,137,b,o,,1222547,NaN,bilabial,stop,yes,bilabial
Te_angry2,1,5,tongue,phonemes,1228087,1227987,138,t,e,,1228199,NaN,alveolar,stop,no,alveolar
Pa_happy1,0,8,control_tongue,phonemes,1233679,1233579,139,p,a,,1233817,NaN,bilabial,stop,no,bilabial
Da_happy2,1,4,tongue,phonemes,1239277,1239177,140,d,a,,1239332,NaN,alveolar,stop,yes,alveolar
Bu_angry2,0,7,control_tongue,phonemes,1244869,1244769,141,b,u,,1244938,NaN,bilabial,stop,yes,bilabial
Po_angry2,1,8,tongue,phonemes,1250468,1250368,142,p,o,,1250553,NaN,bilabial,stop,no,bilabial
Ta_angry2,0,5,control_tongue,phonemes,1256058,1255958,143,t,a,,1256143,NaN,alveolar,stop,no,alveolar
Du_angry2,1,4,tongue,phonemes,1261655,1261555,144,d,u,,1261741,NaN,alveolar,stop,yes,alveolar
Bi_angry1,1,7,tongue,phonemes,1267251,1267151,145,b,i,,1267313,NaN,bilabial,stop,yes,bilabial
Di_happy2,1,4,tongue,phonemes,1272844,1272744,146,d,i,,1272926,NaN,alveolar,stop,yes,alveolar
Be_angry2,1,7,tongue,phonemes,1278473,1278373,147,b,e,,1278527,NaN,bilabial,stop,yes,bilabial
Di_happy1,1,4,tongue,phonemes,1284066,1283966,148,d,i,,1284149,NaN,alveolar,stop,yes,alveolar
Pu_happy1,1,8,tongue,phonemes,1289662,1289562,149,p,u,,1289741,NaN,bilabial,stop,no,bilabial
Bi_angry2,0,7,control_tongue,phonemes,1295252,1295152,150,b,i,,1295307,NaN,bilabial,stop,yes,bilabial
Po_angry1,1,8,tongue,phonemes,1300883,1300783,151,p,o,,1300962,NaN,bilabial,stop,no,bilabial
Bo_happy2,1,7,tongue,phonemes,1306476,1306376,152,b,o,,1306530,NaN,bilabial,stop,yes,bilabial
Tu_happy1,1,5,tongue,phonemes,1312072,1311972,153,t,u,,1312168,NaN,alveolar,stop,no,alveolar
Po_happy2,0,8,control_tongue,phonemes,1317667,1317567,154,p,o,,1317747,NaN,bilabial,stop,no,bilabial
Du_happy2,0,4,control_tongue,phonemes,1323262,1323162,155,d,u,,1323342,NaN,alveolar,stop,yes,alveolar
To_happy1,1,5,tongue,phonemes,1328857,1328757,156,t,o,,1328939,NaN,alveolar,stop,no,alveolar
Ba_happy1,1,7,tongue,phonemes,1334454,1334354,157,b,a,,1334536,NaN,bilabial,stop,yes,bilabial
De_angry1,0,4,control_tongue,phonemes,1340045,1339945,158,d,e,,1340091,NaN,alveolar,stop,yes,alveolar
Tu_angry1,1,5,tongue,phonemes,1345640,1345540,159,t,u,,1345752,NaN,alveolar,stop,no,alveolar
Pa_happy2,1,8,tongue,phonemes,1351268,1351168,160,p,a,,1351428,NaN,bilabial,stop,no,bilabial
Be_angry1,0,7,control_tongue,phonemes,1356860,1356760,161,b,e,,1356913,NaN,bilabial,stop,yes,bilabial
Te_happy2,1,5,tongue,phonemes,1362458,1362358,162,t,e,,1362572,NaN,alveolar,stop,no,alveolar
Ba_angry1,1,7,tongue,phonemes,1368085,1367985,163,b,a,,1368138,NaN,bilabial,stop,yes,bilabial
Tu_angry2,0,5,control_tongue,phonemes,1373679,1373579,164,t,u,,1373792,NaN,alveolar,stop,no,alveolar
Pe_happy2,1,8,tongue,phonemes,1379274,1379174,165,p,e,,1379417,NaN,bilabial,stop,no,bilabial
Ti_happy1,1,5,tongue,phonemes,1384868,1384768,166,t,i,,1384963,NaN,alveolar,stop,no,alveolar
To_angry2,1,5,tongue,phonemes,1390463,1390363,167,t,o,,1390561,NaN,alveolar,stop,no,alveolar
Di_angry2,0,4,control_tongue,phonemes,1396059,1395959,168,d,i,,1396148,NaN,alveolar,stop,yes,alveolar
Pi_angry2,1,8,tongue,phonemes,1401653,1401553,169,p,i,,1401769,NaN,bilabial,stop,no,bilabial
Ti_angry2,0,5,control_tongue,phonemes,1407245,1407145,170,t,i,,1407419,NaN,alveolar,stop,no,alveolar
Du_happy1,1,4,tongue,phonemes,1412841,1412741,171,d,u,,1412925,NaN,alveolar,stop,yes,alveolar
Pa_angry2,1,8,tongue,phonemes,1418436,1418336,172,p,a,,1418525,NaN,bilabial,stop,no,bilabial
Ba_happy2,0,7,control_tongue,phonemes,1424030,1423930,173,b,a,,1424145,NaN,bilabial,stop,yes,bilabial
Te_happy1,0,5,control_tongue,phonemes,1429624,1429524,174,t,e,,1429737,NaN,alveolar,stop,no,alveolar
Be_happy2,1,7,tongue,phonemes,1435221,1435121,175,b,e,,1435366,NaN,bilabial,stop,yes,bilabial
Ah1,0,NaN,control_lip,single-phoneme,1852363,1852117,176,a,,,NaN,NaN,vowels,,,vowels
Ee1,0,NaN,control_lip,single-phoneme,1856271,1856045,177,i,,,NaN,NaN,vowels,,,vowels
Eh1,0,NaN,control_lip,single-phoneme,1860210,1860043,178,e,,,NaN,NaN,vowels,,,vowels
Uh1,0,NaN,control_lip,single-phoneme,1864237,1864037,179,u,,,NaN,NaN,vowels,,,vowels
Oo1,0,NaN,control_lip,single-phoneme,1868221,1868033,180,o,,,NaN,NaN,vowels,,,vowels
S1,0,NaN,control_lip,single-phoneme,1872290,1872031,181,s,,,NaN,NaN,alveolar,fricative,no,alveolar
Z1,0,NaN,control_lip,single-phoneme,1876201,1876025,182,z,,,NaN,NaN,alveolar,fricative,yes,alveolar
P1,0,NaN,control_lip,single-phoneme,1880168,1880022,183,p,,,NaN,NaN,bilabial,stop,no,bilabial
B1,0,NaN,control_lip,single-phoneme,1884167,1884017,184,b,,,NaN,NaN,bilabial,stop,yes,bilabial
T1,0,NaN,control_lip,single-phoneme,1888466,1887977,185,t,,,NaN,NaN,alveolar,stop,no,alveolar
D1,0,NaN,control_lip,single-phoneme,1892090,1891943,186,d,,,NaN,NaN,alveolar,stop,yes,alveolar
Ee2,0,NaN,control_lip,single-phoneme,1896132,1895939,187,i,,,NaN,NaN,vowels,,,vowels
Uh2,0,NaN,control_lip,single-phoneme,1900119,1899937,188,u,,,NaN,NaN,vowels,,,vowels
Eh2,0,NaN,control_lip,single-phoneme,1904081,1903933,189,e,,,NaN,NaN,vowels,,,vowels
Oo2,0,NaN,control_lip,single-phoneme,1908111,1907930,190,o,,,NaN,NaN,vowels,,,vowels
Ah2,0,NaN,control_lip,single-phoneme,1912158,1911924,191,a,,,NaN,NaN,vowels,,,vowels
D2,0,NaN,control_lip,single-phoneme,1916084,1915920,192,d,,,NaN,NaN,alveolar,stop,yes,alveolar
T2,0,NaN,control_lip,single-phoneme,1920103,1919915,193,t,,,NaN,NaN,alveolar,stop,no,alveolar
B2,0,NaN,control_lip,single-phoneme,1924059,1923914,194,b,,,NaN,NaN,bilabial,stop,yes,bilabial
P2,0,NaN,control_lip,single-phoneme,1928061,1927908,195,p,,,NaN,NaN,bilabial,stop,no,bilabial
Z2,0,NaN,control_lip,single-phoneme,1932194,1931905,196,z,,,NaN,NaN,alveolar,fricative,yes,alveolar
S2,0,NaN,control_lip,single-phoneme,1936151,1935901,197,s,,,NaN,NaN,alveolar,fricative,no,alveolar
Eh3,0,NaN,control_lip,single-phoneme,1940047,1939897,198,e,,,NaN,NaN,vowels,,,vowels
Oo3,0,NaN,control_lip,single-phoneme,1944079,1943893,199,o,,,NaN,NaN,vowels,,,vowels
Ee3,0,NaN,control_lip,single-phoneme,1948117,1947924,200,i,,,NaN,NaN,vowels,,,vowels
Ah3,0,NaN,control_lip,single-phoneme,1952128,1951918,201,a,,,NaN,NaN,vowels,,,vowels
Uh3,0,NaN,control_lip,single-phoneme,1956086,1955914,202,u,,,NaN,NaN,vowels,,,vowels
T3,0,NaN,control_lip,single-phoneme,1960075,1959911,203,t,,,NaN,NaN,alveolar,stop,no,alveolar
P3,0,NaN,control_lip,single-phoneme,1964062,1963907,204,p,,,NaN,NaN,bilabial,stop,no,bilabial
S3,0,NaN,control_lip,single-phoneme,1968155,1967904,205,s,,,NaN,NaN,alveolar,fricative,no,alveolar
D3,0,NaN,control_lip,single-phoneme,1972054,1971899,206,d,,,NaN,NaN,alveolar,stop,yes,alveolar
B3,0,NaN,control_lip,single-phoneme,1976038,1975898,207,b,,,NaN,NaN,bilabial,stop,yes,bilabial
Z3,0,NaN,control_lip,single-phoneme,1980149,1979889,208,z,,,NaN,NaN,alveolar,fricative,yes,alveolar
Uh4,0,NaN,control_lip,single-phoneme,1984109,1983886,209,u,,,NaN,NaN,vowels,,,vowels
Oo4,0,NaN,control_lip,single-phoneme,1988075,1987914,210,o,,,NaN,NaN,vowels,,,vowels
Ee4,0,NaN,control_lip,single-phoneme,1992735,1991880,211,i,,,NaN,NaN,vowels,,,vowels
Ah4,0,NaN,control_lip,single-phoneme,1996096,1995875,212,a,,,NaN,NaN,vowels,,,vowels
Eh4,0,NaN,control_lip,single-phoneme,2000060,1999904,213,e,,,NaN,NaN,vowels,,,vowels
S3,0,NaN,control_lip,single-phoneme,2004120,2003869,214,s,,,NaN,NaN,alveolar,fricative,no,alveolar
P3,0,NaN,control_lip,single-phoneme,2008018,2007863,215,p,,,NaN,NaN,bilabial,stop,no,bilabial
T3,0,NaN,control_lip,single-phoneme,2012027,2011863,216,t,,,NaN,NaN,alveolar,stop,no,alveolar
Z3,0,NaN,control_lip,single-phoneme,2016116,2015856,217,z,,,NaN,NaN,alveolar,fricative,yes,alveolar
B3,0,NaN,control_lip,single-phoneme,2019992,2019852,218,b,,,NaN,NaN,bilabial,stop,yes,bilabial
D3,0,NaN,control_lip,single-phoneme,2024004,2023849,219,d,,,NaN,NaN,alveolar,stop,yes,alveolar
Oo5,0,NaN,control_lip,single-phoneme,2027999,2027847,220,o,,,NaN,NaN,vowels,,,vowels
Ah5,0,NaN,control_lip,single-phoneme,2032023,2031841,221,a,,,NaN,NaN,vowels,,,vowels
Uh5,0,NaN,control_lip,single-phoneme,2035992,2035837,222,u,,,NaN,NaN,vowels,,,vowels
Eh5,0,NaN,control_lip,single-phoneme,2040047,2039865,223,e,,,NaN,NaN,vowels,,,vowels
Ee5,0,NaN,control_lip,single-phoneme,2043983,2043830,224,i,,,NaN,NaN,vowels,,,vowels
Z5,0,NaN,control_lip,single-phoneme,2048049,2047826,225,z,,,NaN,NaN,alveolar,fricative,yes,alveolar
P5,0,NaN,control_lip,single-phoneme,2051968,2051821,226,p,,,NaN,NaN,bilabial,stop,no,bilabial
D5,0,NaN,control_lip,single-phoneme,2055994,2055816,227,d,,,NaN,NaN,alveolar,stop,yes,alveolar
S5,0,NaN,control_lip,single-phoneme,2060012,2059813,228,s,,,NaN,NaN,alveolar,fricative,no,alveolar
T5,0,NaN,control_lip,single-phoneme,2063989,2063810,229,t,,,NaN,NaN,alveolar,stop,no,alveolar
B5,0,NaN,control_lip,single-phoneme,2067917,2067770,230,b,,,NaN,NaN,bilabial,stop,yes,bilabial
Pe_happy1,1,8,lip,phonemes,2081861,2081761,231,p,e,,2081962,NaN,bilabial,stop,no,bilabial
Ta_happy1,1,5,lip,phonemes,2087456,2087356,232,t,a,,2087593,NaN,alveolar,stop,no,alveolar
Bu_angry1,1,7,lip,phonemes,2093049,2092949,233,b,u,,2093118,NaN,bilabial,stop,yes,bilabial
To_happy2,0,5,control_lip,phonemes,2098641,2098541,234,t,o,,2098728,NaN,alveolar,stop,no,alveolar
Da_angry2,1,4,lip,phonemes,2104239,2104139,235,d,a,,2104295,NaN,alveolar,stop,yes,alveolar
Pu_happy2,0,8,control_lip,phonemes,2109835,2109735,236,p,u,,2109917,NaN,bilabial,stop,no,bilabial
De_happy1,1,4,lip,phonemes,2115428,2115328,237,d,e,,2115478,NaN,alveolar,stop,yes,alveolar
Bu_happy1,1,7,lip,phonemes,2121022,2120922,238,b,u,,2121089,NaN,bilabial,stop,yes,bilabial
Do_angry1,1,4,lip,phonemes,2126617,2126517,239,d,o,,2126670,NaN,alveolar,stop,yes,alveolar
Pi_angry1,1,8,lip,phonemes,2132212,2132112,240,p,i,,2132377,NaN,bilabial,stop,no,bilabial
Bo_angry2,0,7,control_lip,phonemes,2137804,2137704,241,b,o,,2137858,NaN,bilabial,stop,yes,bilabial
Ta_happy2,1,5,lip,phonemes,2143401,2143301,242,t,a,,2143471,NaN,alveolar,stop,no,alveolar
De_happy2,1,4,lip,phonemes,2148995,2148895,243,d,e,,2149046,NaN,alveolar,stop,yes,alveolar
Pe_angry1,0,8,control_lip,phonemes,2154587,2154487,244,p,e,,2154736,NaN,bilabial,stop,no,bilabial
Pu_angry1,1,8,lip,phonemes,2160185,2160085,245,p,u,,2160268,NaN,bilabial,stop,no,bilabial
Da_angry1,0,4,control_lip,phonemes,2165776,2165676,246,d,a,,2165830,NaN,alveolar,stop,yes,alveolar
Bi_happy2,1,7,lip,phonemes,2171377,2171277,247,b,i,,2171431,NaN,bilabial,stop,yes,bilabial
Do_happy1,1,4,lip,phonemes,2176969,2176869,248,d,o,,2177021,NaN,alveolar,stop,yes,alveolar
Pi_happy1,0,8,control_lip,phonemes,2182560,2182460,249,p,i,,2182619,NaN,bilabial,stop,no,bilabial
Do_angry2,0,4,control_lip,phonemes,2188155,2188055,250,d,o,,2188208,NaN,alveolar,stop,yes,alveolar
Ti_happy2,1,5,lip,phonemes,2193754,2193654,251,t,i,,2193846,NaN,alveolar,stop,no,alveolar
Bo_happy1,1,7,lip,phonemes,2199350,2199250,252,b,o,,2199404,NaN,bilabial,stop,yes,bilabial
Te_angry2,1,5,lip,phonemes,2204942,2204842,253,t,e,,2205054,NaN,alveolar,stop,no,alveolar
Pa_happy1,0,8,control_lip,phonemes,2210566,2210466,254,p,a,,2210704,NaN,bilabial,stop,no,bilabial
Da_happy2,1,4,lip,phonemes,2216166,2216066,255,d,a,,2216221,NaN,alveolar,stop,yes,alveolar
Bu_angry2,0,7,control_lip,phonemes,2221755,2221655,256,b,u,,2221824,NaN,bilabial,stop,yes,bilabial
Po_angry2,1,8,lip,phonemes,2227355,2227255,257,p,o,,2227440,NaN,bilabial,stop,no,bilabial
Ta_angry2,0,5,control_lip,phonemes,2232945,2232845,258,t,a,,2233030,NaN,alveolar,stop,no,alveolar
Du_angry2,1,4,lip,phonemes,2238546,2238446,259,d,u,,2238632,NaN,alveolar,stop,yes,alveolar
Bi_angry1,1,7,lip,phonemes,2244136,2244036,260,b,i,,2244198,NaN,bilabial,stop,yes,bilabial
Di_happy2,1,4,lip,phonemes,2249730,2249630,261,d,i,,2249812,NaN,alveolar,stop,yes,alveolar
Be_angry2,1,7,lip,phonemes,2255324,2255224,262,b,e,,2255378,NaN,bilabial,stop,yes,bilabial
Di_happy1,1,4,lip,phonemes,2260919,2260819,263,d,i,,2261002,NaN,alveolar,stop,yes,alveolar
Pu_happy1,1,8,lip,phonemes,2266515,2266415,264,p,u,,2266594,NaN,bilabial,stop,no,bilabial
Bi_angry2,0,7,control_lip,phonemes,2272107,2272007,265,b,i,,2272162,NaN,bilabial,stop,yes,bilabial
Po_angry1,1,8,lip,phonemes,2277704,2277604,266,p,o,,2277783,NaN,bilabial,stop,no,bilabial
Bo_happy2,1,7,lip,phonemes,2283298,2283198,267,b,o,,2283352,NaN,bilabial,stop,yes,bilabial
Tu_happy1,1,5,lip,phonemes,2288893,2288793,268,t,u,,2288989,NaN,alveolar,stop,no,alveolar
Po_happy2,0,8,control_lip,phonemes,2294486,2294386,269,p,o,,2294566,NaN,bilabial,stop,no,bilabial
Du_happy2,0,4,control_lip,phonemes,2300080,2299980,270,d,u,,2300160,NaN,alveolar,stop,yes,alveolar
To_happy1,1,5,lip,phonemes,2305677,2305577,271,t,o,,2305759,NaN,alveolar,stop,no,alveolar
Ba_happy1,1,7,lip,phonemes,2311271,2311171,272,b,a,,2311353,NaN,bilabial,stop,yes,bilabial
De_angry1,0,4,control_lip,phonemes,2316863,2316763,273,d,e,,2316909,NaN,alveolar,stop,yes,alveolar
Tu_angry1,1,5,lip,phonemes,2322463,2322363,274,t,u,,2322575,NaN,alveolar,stop,no,alveolar
Pa_happy2,1,8,lip,phonemes,2328055,2327955,275,p,a,,2328215,NaN,bilabial,stop,no,bilabial
Be_angry1,0,7,control_lip,phonemes,2333647,2333547,276,b,e,,2333700,NaN,bilabial,stop,yes,bilabial
Te_happy2,1,5,lip,phonemes,2339244,2339144,277,t,e,,2339358,NaN,alveolar,stop,no,alveolar
Ba_angry1,1,7,lip,phonemes,2344843,2344743,278,b,a,,2344896,NaN,bilabial,stop,yes,bilabial
Tu_angry2,0,5,control_lip,phonemes,2350429,2350329,279,t,u,,2350542,NaN,alveolar,stop,no,alveolar
Pe_happy2,1,8,lip,phonemes,2356027,2355927,280,p,e,,2356170,NaN,bilabial,stop,no,bilabial
Ti_happy1,1,5,lip,phonemes,2361621,2361521,281,t,i,,2361716,NaN,alveolar,stop,no,alveolar
To_angry2,1,5,lip,phonemes,2367217,2367117,282,t,o,,2367315,NaN,alveolar,stop,no,alveolar
Di_angry2,0,4,control_lip,phonemes,2372809,2372709,283,d,i,,2372898,NaN,alveolar,stop,yes,alveolar
Pi_angry2,1,8,lip,phonemes,2378408,2378308,284,p,i,,2378524,NaN,bilabial,stop,no,bilabial
Ti_angry2,0,5,control_lip,phonemes,2383999,2383899,285,t,i,,2384173,NaN,alveolar,stop,no,alveolar
Du_happy1,1,4,lip,phonemes,2389594,2389494,286,d,u,,2389678,NaN,alveolar,stop,yes,alveolar
Pa_angry2,1,8,lip,phonemes,2395191,2395091,287,p,a,,2395280,NaN,bilabial,stop,no,bilabial
Ba_happy2,0,7,control_lip,phonemes,2400783,2400683,288,b,a,,2400898,NaN,bilabial,stop,yes,bilabial
Te_happy1,0,5,control_lip,phonemes,2406377,2406277,289,t,e,,2406490,NaN,alveolar,stop,no,alveolar
Be_happy2,1,7,lip,phonemes,2411973,2411873,290,b,e,,2412118,NaN,bilabial,stop,yes,bilabial
Bo_happy1,1,7,lip,phonemes,2449537,2449437,291,b,o,,2449591,NaN,bilabial,stop,yes,bilabial
Tu_happy1,0,5,control_lip,phonemes,2455164,2455064,292,t,u,,2455260,NaN,alveolar,stop,no,alveolar
Do_happy1,1,4,lip,phonemes,2460762,2460662,293,d,o,,2460814,NaN,alveolar,stop,yes,alveolar
Pa_happy1,1,8,lip,phonemes,2466389,2466289,294,p,a,,2466527,NaN,bilabial,stop,no,bilabial
Pe_angry2,1,8,lip,phonemes,2471982,2471882,295,p,e,,2472128,NaN,bilabial,stop,no,bilabial
Be_happy1,1,7,lip,phonemes,2477578,2477478,296,b,e,,2477632,NaN,bilabial,stop,yes,bilabial
Da_happy2,0,4,control_lip,phonemes,2483170,2483070,297,d,a,,2483225,NaN,alveolar,stop,yes,alveolar
Po_angry2,1,8,lip,phonemes,2488765,2488665,298,p,o,,2488850,NaN,bilabial,stop,no,bilabial
Bi_angry1,0,7,control_lip,phonemes,2494359,2494259,299,b,i,,2494421,NaN,bilabial,stop,yes,bilabial
Ti_happy2,1,5,lip,phonemes,2499989,2499889,300,t,i,,2500081,NaN,alveolar,stop,no,alveolar
Di_happy1,0,4,control_lip,phonemes,2505582,2505482,301,d,i,,2505665,NaN,alveolar,stop,yes,alveolar
Bi_happy2,1,7,lip,phonemes,2511177,2511077,302,b,i,,2511231,NaN,bilabial,stop,yes,bilabial
Da_angry1,1,4,lip,phonemes,2516773,2516673,303,d,a,,2516827,NaN,alveolar,stop,yes,alveolar
Ta_angry2,1,5,lip,phonemes,2522400,2522300,304,t,a,,2522485,NaN,alveolar,stop,no,alveolar
De_angry1,1,4,lip,phonemes,2527995,2527895,305,d,e,,2528041,NaN,alveolar,stop,yes,alveolar
Bo_angry1,0,7,control_lip,phonemes,2533587,2533487,306,b,o,,2533641,NaN,bilabial,stop,yes,bilabial
Du_happy2,1,4,lip,phonemes,2539184,2539084,307,d,u,,2539264,NaN,alveolar,stop,yes,alveolar
Po_happy2,1,8,lip,phonemes,2544778,2544678,308,p,o,,2544858,NaN,bilabial,stop,no,bilabial
Bu_angry1,1,7,lip,phonemes,2550371,2550271,309,b,u,,2550440,NaN,bilabial,stop,yes,bilabial
Te_happy1,0,5,control_lip,phonemes,2555999,2555899,310,t,e,,2556112,NaN,alveolar,stop,no,alveolar
Pu_angry2,1,8,lip,phonemes,2561595,2561495,311,p,u,,2561710,NaN,bilabial,stop,no,bilabial
Du_angry1,1,4,lip,phonemes,2567189,2567089,312,d,u,,2567274,NaN,alveolar,stop,yes,alveolar
Pe_angry1,1,8,lip,phonemes,2572785,2572685,313,p,e,,2572934,NaN,bilabial,stop,no,bilabial
Di_angry2,1,4,lip,phonemes,2578382,2578282,314,d,i,,2578471,NaN,alveolar,stop,yes,alveolar
Pi_happy1,1,8,lip,phonemes,2583974,2583874,315,p,i,,2584033,NaN,bilabial,stop,no,bilabial
Ta_angry1,0,5,control_lip,phonemes,2589599,2589499,316,t,a,,2589707,NaN,alveolar,stop,no,alveolar
Be_angry1,1,7,lip,phonemes,2595197,2595097,317,b,e,,2595250,NaN,bilabial,stop,yes,bilabial
Pi_happy2,1,8,lip,phonemes,2600792,2600692,318,p,i,,2600892,NaN,bilabial,stop,no,bilabial
Da_happy1,1,4,lip,phonemes,2606386,2606286,319,d,a,,2606462,NaN,alveolar,stop,yes,alveolar
Bu_angry2,1,7,lip,phonemes,2611981,2611881,320,b,u,,2612050,NaN,bilabial,stop,yes,bilabial
Bo_angry2,1,7,lip,phonemes,2617574,2617474,321,b,o,,2617628,NaN,bilabial,stop,yes,bilabial
De_angry2,0,4,control_lip,phonemes,2623167,2623067,322,d,e,,2623214,NaN,alveolar,stop,yes,alveolar
Tu_happy2,1,5,lip,phonemes,2628764,2628664,323,t,u,,2628863,NaN,alveolar,stop,no,alveolar
Pa_angry2,0,8,control_lip,phonemes,2634356,2634256,324,p,a,,2634445,NaN,bilabial,stop,no,bilabial
De_happy2,1,4,lip,phonemes,2639956,2639856,325,d,e,,2640007,NaN,alveolar,stop,yes,alveolar
Ti_happy1,1,5,lip,phonemes,2645548,2645448,326,t,i,,2645643,NaN,alveolar,stop,no,alveolar
Pa_angry1,1,8,lip,phonemes,2651142,2651042,327,p,a,,2651276,NaN,bilabial,stop,no,bilabial
Pe_happy2,0,8,control_lip,phonemes,2656734,2656634,328,p,e,,2656877,NaN,bilabial,stop,no,bilabial
Bi_happy1,1,7,lip,phonemes,2662333,2662233,329,b,i,,2662387,NaN,bilabial,stop,yes,bilabial
Tu_angry2,1,5,lip,phonemes,2667925,2667825,330,t,u,,2668038,NaN,alveolar,stop,no,alveolar
Bu_happy1,0,7,control_lip,phonemes,2673517,2673417,331,b,u,,2673584,NaN,bilabial,stop,yes,bilabial
Do_angry1,1,4,lip,phonemes,2679114,2679014,332,d,o,,2679167,NaN,alveolar,stop,yes,alveolar
To_happy2,1,5,lip,phonemes,2684712,2684612,333,t,o,,2684799,NaN,alveolar,stop,no,alveolar
Po_happy1,0,8,control_lip,phonemes,2690300,2690200,334,p,o,,2690395,NaN,bilabial,stop,no,bilabial
Ti_angry1,0,5,control_lip,phonemes,2695897,2695797,335,t,i,,2696071,NaN,alveolar,stop,no,alveolar
Pu_angry1,0,8,control_lip,phonemes,2701491,2701391,336,p,u,,2701574,NaN,bilabial,stop,no,bilabial
Do_happy2,0,4,control_lip,phonemes,2707085,2706985,337,d,o,,2707137,NaN,alveolar,stop,yes,alveolar
Ta_happy2,1,5,lip,phonemes,2712683,2712583,338,t,a,,2712753,NaN,alveolar,stop,no,alveolar
Ba_angry1,0,7,control_lip,phonemes,2718275,2718175,339,b,a,,2718328,NaN,bilabial,stop,yes,bilabial
Pu_happy2,1,8,lip,phonemes,2723871,2723771,340,p,u,,2723953,NaN,bilabial,stop,no,bilabial
Di_angry1,1,4,lip,phonemes,2729466,2729366,341,d,i,,2729552,NaN,alveolar,stop,yes,alveolar
To_angry2,1,5,lip,phonemes,2735081,2734981,342,t,o,,2735179,NaN,alveolar,stop,no,alveolar
Pi_angry1,0,8,control_lip,phonemes,2740653,2740553,343,p,i,,2740818,NaN,bilabial,stop,no,bilabial
Ba_happy1,1,7,lip,phonemes,2746251,2746151,344,b,a,,2746333,NaN,bilabial,stop,yes,bilabial
To_angry1,0,5,control_lip,phonemes,2751842,2751742,345,t,o,,2751927,NaN,alveolar,stop,no,alveolar
Te_angry1,1,5,lip,phonemes,2757439,2757339,346,t,e,,2757552,NaN,alveolar,stop,no,alveolar
Be_happy2,0,7,control_lip,phonemes,2763032,2762932,347,b,e,,2763177,NaN,bilabial,stop,yes,bilabial
Te_angry2,1,5,lip,phonemes,2768629,2768529,348,t,e,,2768741,NaN,alveolar,stop,no,alveolar
Ba_angry2,1,7,lip,phonemes,2774223,2774123,349,b,a,,2774276,NaN,bilabial,stop,yes,bilabial
Du_angry2,0,4,control_lip,phonemes,2779815,2779715,350,d,u,,2779901,NaN,alveolar,stop,yes,alveolar
Ah1,0,NaN,control_BA06,single-phoneme,3436225,3435979,351,a,,,NaN,NaN,vowels,,,vowels
Ee1,0,NaN,control_BA06,single-phoneme,3440134,3439908,352,i,,,NaN,NaN,vowels,,,vowels
Eh1,0,NaN,control_BA06,single-phoneme,3444039,3443872,353,e,,,NaN,NaN,vowels,,,vowels
Uh1,0,NaN,control_BA06,single-phoneme,3448068,3447868,354,u,,,NaN,NaN,vowels,,,vowels
Oo1,0,NaN,control_BA06,single-phoneme,3452053,3451865,355,o,,,NaN,NaN,vowels,,,vowels
S1,0,NaN,control_BA06,single-phoneme,3456120,3455861,356,s,,,NaN,NaN,alveolar,fricative,no,alveolar
Z1,0,NaN,control_BA06,single-phoneme,3460032,3459856,357,z,,,NaN,NaN,alveolar,fricative,yes,alveolar
P1,0,NaN,control_BA06,single-phoneme,3464031,3463885,358,p,,,NaN,NaN,bilabial,stop,no,bilabial
B1,0,NaN,control_BA06,single-phoneme,3468032,3467882,359,b,,,NaN,NaN,bilabial,stop,yes,bilabial
T1,0,NaN,control_BA06,single-phoneme,3472367,3471878,360,t,,,NaN,NaN,alveolar,stop,no,alveolar
D1,0,NaN,control_BA06,single-phoneme,3475988,3475841,361,d,,,NaN,NaN,alveolar,stop,yes,alveolar
Ee2,0,NaN,control_BA06,single-phoneme,3480029,3479836,362,i,,,NaN,NaN,vowels,,,vowels
Uh2,0,NaN,control_BA06,single-phoneme,3484014,3483832,363,u,,,NaN,NaN,vowels,,,vowels
Eh2,0,NaN,control_BA06,single-phoneme,3487977,3487829,364,e,,,NaN,NaN,vowels,,,vowels
Oo2,0,NaN,control_BA06,single-phoneme,3492009,3491828,365,o,,,NaN,NaN,vowels,,,vowels
Ah2,0,NaN,control_BA06,single-phoneme,3496056,3495822,366,a,,,NaN,NaN,vowels,,,vowels
D2,0,NaN,control_BA06,single-phoneme,3499983,3499819,367,d,,,NaN,NaN,alveolar,stop,yes,alveolar
T2,0,NaN,control_BA06,single-phoneme,3504005,3503817,368,t,,,NaN,NaN,alveolar,stop,no,alveolar
B2,0,NaN,control_BA06,single-phoneme,3507955,3507810,369,b,,,NaN,NaN,bilabial,stop,yes,bilabial
P2,0,NaN,control_BA06,single-phoneme,3511959,3511806,370,p,,,NaN,NaN,bilabial,stop,no,bilabial
Z2,0,NaN,control_BA06,single-phoneme,3516123,3515834,371,z,,,NaN,NaN,alveolar,fricative,yes,alveolar
S2,0,NaN,control_BA06,single-phoneme,3520047,3519797,372,s,,,NaN,NaN,alveolar,fricative,no,alveolar
Eh3,0,NaN,control_BA06,single-phoneme,3523978,3523828,373,e,,,NaN,NaN,vowels,,,vowels
Oo3,0,NaN,control_BA06,single-phoneme,3528009,3527823,374,o,,,NaN,NaN,vowels,,,vowels
Ee3,0,NaN,control_BA06,single-phoneme,3532012,3531819,375,i,,,NaN,NaN,vowels,,,vowels
Ah3,0,NaN,control_BA06,single-phoneme,3536025,3535815,376,a,,,NaN,NaN,vowels,,,vowels
Uh3,0,NaN,control_BA06,single-phoneme,3539985,3539813,377,u,,,NaN,NaN,vowels,,,vowels
T3,0,NaN,control_BA06,single-phoneme,3543939,3543775,378,t,,,NaN,NaN,alveolar,stop,no,alveolar
P3,0,NaN,control_BA06,single-phoneme,3547958,3547803,379,p,,,NaN,NaN,bilabial,stop,no,bilabial
S3,0,NaN,control_BA06,single-phoneme,3552019,3551768,380,s,,,NaN,NaN,alveolar,fricative,no,alveolar
D3,0,NaN,control_BA06,single-phoneme,3555917,3555762,381,d,,,NaN,NaN,alveolar,stop,yes,alveolar
B3,0,NaN,control_BA06,single-phoneme,3559901,3559761,382,b,,,NaN,NaN,bilabial,stop,yes,bilabial
Z3,0,NaN,control_BA06,single-phoneme,3564016,3563756,383,z,,,NaN,NaN,alveolar,fricative,yes,alveolar
Uh4,0,NaN,control_BA06,single-phoneme,3567974,3567751,384,u,,,NaN,NaN,vowels,,,vowels
Oo4,0,NaN,control_BA06,single-phoneme,3571911,3571750,385,o,,,NaN,NaN,vowels,,,vowels
Ee4,0,NaN,control_BA06,single-phoneme,3576603,3575748,386,i,,,NaN,NaN,vowels,,,vowels
Ah4,0,NaN,control_BA06,single-phoneme,3579962,3579741,387,a,,,NaN,NaN,vowels,,,vowels
Eh4,0,NaN,control_BA06,single-phoneme,3583893,3583737,388,e,,,NaN,NaN,vowels,,,vowels
S3,0,NaN,control_BA06,single-phoneme,3587986,3587735,389,s,,,NaN,NaN,alveolar,fricative,no,alveolar
P3,0,NaN,control_BA06,single-phoneme,3591886,3591731,390,p,,,NaN,NaN,bilabial,stop,no,bilabial
T3,0,NaN,control_BA06,single-phoneme,3595889,3595725,391,t,,,NaN,NaN,alveolar,stop,no,alveolar
Z3,0,NaN,control_BA06,single-phoneme,3599980,3599720,392,z,,,NaN,NaN,alveolar,fricative,yes,alveolar
B3,0,NaN,control_BA06,single-phoneme,3603858,3603718,393,b,,,NaN,NaN,bilabial,stop,yes,bilabial
D3,0,NaN,control_BA06,single-phoneme,3607871,3607716,394,d,,,NaN,NaN,alveolar,stop,yes,alveolar
Oo5,0,NaN,control_BA06,single-phoneme,3611896,3611744,395,o,,,NaN,NaN,vowels,,,vowels
Ah5,0,NaN,control_BA06,single-phoneme,3615854,3615672,396,a,,,NaN,NaN,vowels,,,vowels
Uh5,0,NaN,control_BA06,single-phoneme,3619823,3619668,397,u,,,NaN,NaN,vowels,,,vowels
Eh5,0,NaN,control_BA06,single-phoneme,3623847,3623665,398,e,,,NaN,NaN,vowels,,,vowels
Ee5,0,NaN,control_BA06,single-phoneme,3627812,3627659,399,i,,,NaN,NaN,vowels,,,vowels
Z5,0,NaN,control_BA06,single-phoneme,3631880,3631657,400,z,,,NaN,NaN,alveolar,fricative,yes,alveolar
P5,0,NaN,control_BA06,single-phoneme,3635799,3635652,401,p,,,NaN,NaN,bilabial,stop,no,bilabial
D5,0,NaN,control_BA06,single-phoneme,3639830,3639652,402,d,,,NaN,NaN,alveolar,stop,yes,alveolar
S5,0,NaN,control_BA06,single-phoneme,3643845,3643646,403,s,,,NaN,NaN,alveolar,fricative,no,alveolar
T5,0,NaN,control_BA06,single-phoneme,3647820,3647641,404,t,,,NaN,NaN,alveolar,stop,no,alveolar
B5,0,NaN,control_BA06,single-phoneme,3651783,3651636,405,b,,,NaN,NaN,bilabial,stop,yes,bilabial
Bot_angry2,1,1,BA06,Words,3723738,3723638,406,b,o,t,3723787,3724185,,,,real
Tup_angry1,0,2,control_BA06,Words,3729329,3729229,407,t,u,p,3729499,3729769,,,,nonce
Dit_happy2,1,2,BA06,Words,3734959,3734859,408,d,i,t,3735051,3735348,,,,nonce
Bit_angry2,1,1,BA06,Words,3740553,3740453,409,b,i,t,3740602,3740886,,,,real
Put_angry1,0,2,control_BA06,Words,3746146,3746046,410,p,u,t,3746293,3746577,,,,nonce
Bed_happy1,0,1,control_BA06,Words,3751739,3751639,411,b,e,d,3751801,3752121,,,,real
Dit_angry2,1,2,BA06,Words,3757337,3757237,412,d,i,t,3757416,3757745,,,,nonce
Tap_happy1,0,1,control_BA06,Words,3762929,3762829,413,t,a,p,3763056,3763390,,,,real
Bep_angry1,1,2,BA06,Words,3768561,3768461,414,b,e,p,3768614,3768899,,,,nonce
Tup_angry2,1,2,BA06,Words,3774152,3774052,415,t,u,p,3774317,3774591,,,,nonce
But_happy1,1,1,BA06,Words,3779749,3779649,416,b,u,t,3779798,3780148,,,,real
Pod_angry1,1,2,BA06,Words,3785342,3785242,417,p,o,d,3785449,3785867,,,,nonce
Bep_happy2,0,2,control_BA06,Words,3790968,3790868,418,b,e,p,3791033,3791262,,,,nonce
Dab_angry2,1,2,BA06,Words,3796598,3796498,419,d,a,b,3796646,3797125,,,,nonce
Bit_happy2,1,1,BA06,Words,3802191,3802091,420,b,i,t,3802237,3802515,,,,real
Deb_angry1,1,2,BA06,Words,3807791,3807691,421,d,e,b,3807841,3808222,,,,nonce
Pod_happy1,0,2,control_BA06,Words,3813381,3813281,422,p,o,d,3813489,3813827,,,,nonce
Bit_happy1,1,1,BA06,Words,3818976,3818876,423,b,i,t,3819025,3819315,,,,real
Deb_angry2,0,2,control_BA06,Words,3824568,3824468,424,d,e,b,3824618,3824931,,,,nonce
Bot_angry2,0,1,control_BA06,Words,3830171,3830071,425,b,o,t,3830220,3830618,,,,real
Pod_happy2,1,2,BA06,Words,3835792,3835692,426,p,o,d,3835869,3836291,,,,nonce
Tup_happy2,1,2,BA06,Words,3841388,3841288,427,t,u,p,3841522,3841828,,,,nonce
Dot_happy1,1,1,BA06,Words,3847018,3846918,428,d,o,t,3847063,3847455,,,,real
Pat_angry1,0,1,control_BA06,Words,3852607,3852507,429,p,a,t,3852774,3853048,,,,real
Dot_angry2,1,1,BA06,Words,3858206,3858106,430,d,o,t,3858254,3858632,,,,real
Tub_happy2,0,1,control_BA06,Words,3863831,3863731,431,t,u,b,3863936,3864275,,,,real
Bep_angry2,1,2,BA06,Words,3869429,3869329,432,b,e,p,3869477,3869769,,,,nonce
Tap_happy2,1,1,BA06,Words,3875022,3874922,433,t,a,p,3875148,3875469,,,,real
Ted_happy1,1,1,BA06,Words,3880650,3880550,434,t,e,d,3880779,3881051,,,,real
Dot_angry1,0,1,control_BA06,Words,3886243,3886143,435,d,o,t,3886290,3886707,,,,real
Dot_happy1,1,1,BA06,Words,3891840,3891740,436,d,o,t,3891885,3892277,,,,real
Dit_happy1,0,2,control_BA06,Words,3897432,3897332,437,d,i,t,3897525,3897804,,,,nonce
Dab_happy1,1,2,BA06,Words,3903028,3902928,438,d,a,b,3903090,3903507,,,,nonce
Pib_angry2,1,2,BA06,Words,3908656,3908556,439,p,i,b,3908729,3909078,,,,nonce
Ted_happy2,0,1,control_BA06,Words,3914250,3914150,440,t,e,d,3914377,3914654,,,,real
But_angry2,1,1,BA06,Words,3919878,3919778,441,b,u,t,3919927,3920324,,,,real
Ted_angry1,1,1,BA06,Words,3925506,3925406,442,t,e,d,3925636,3925959,,,,real
Pib_angry2,0,2,control_BA06,Words,3931099,3930999,443,p,i,b,3931172,3931521,,,,nonce
Tob_happy2,1,2,BA06,Words,3936695,3936595,444,t,o,b,3936804,3937070,,,,nonce
Ted_angry2,1,1,BA06,Words,3942290,3942190,445,t,e,d,3942416,3942774,,,,real
Bad_angry2,0,2,control_BA06,Words,3947916,3947816,446,b,a,d,3947966,3948407,,,,nonce
Pod_angry2,1,2,BA06,Words,3953546,3953446,447,p,o,d,3953654,3953990,,,,nonce
Tob_happy1,0,2,control_BA06,Words,3959138,3959038,448,t,o,b,3959266,3959630,,,,nonce
Pat_angry2,1,1,BA06,Words,3964771,3964671,449,p,a,t,3964909,3965224,,,,real
Dip_happy1,0,1,control_BA06,Words,3970361,3970261,450,d,i,p,3970438,3970770,,,,real
Bad_angry2,1,2,BA06,Words,3975956,3975856,451,b,a,d,3976006,3976447,,,,nonce
Tup_happy2,1,2,BA06,Words,3981551,3981451,452,t,u,p,3981685,3981991,,,,nonce
But_happy2,1,1,BA06,Words,3987150,3987050,453,b,u,t,3987212,3987570,,,,real
Dab_happy2,1,2,BA06,Words,3992775,3992675,454,d,a,b,3992823,3993254,,,,nonce
Pat_happy1,1,1,BA06,Words,3998403,3998303,455,p,a,t,3998530,3998865,,,,real
But_angry1,0,1,control_BA06,Words,4003995,4003895,456,b,u,t,4004044,4004462,,,,real
Bed_happy2,1,1,BA06,Words,4009591,4009491,457,b,e,d,4009638,4009921,,,,real
Dit_angry1,1,2,BA06,Words,4015219,4015119,458,d,i,t,4015269,4015580,,,,nonce
Bep_happy1,1,2,BA06,Words,4020847,4020747,459,b,e,p,4020895,4021203,,,,nonce
Pat_happy2,1,1,BA06,Words,4026442,4026342,460,p,a,t,4026559,4026893,,,,real
Dab_angry1,0,2,control_BA06,Words,4032037,4031937,461,d,a,b,4032085,4032536,,,,nonce
Put_angry2,1,2,BA06,Words,4037630,4037530,462,p,u,t,4037775,4038067,,,,nonce
Tub_happy2,1,1,BA06,Words,4043225,4043125,463,t,u,b,4043330,4043669,,,,real
Bit_angry2,0,1,control_BA06,Words,4048851,4048751,464,b,i,t,4048900,4049184,,,,real
Dip_happy2,1,1,BA06,Words,4054449,4054349,465,d,i,p,4054497,4054862,,,,real
Dit_happy2,1,2,BA06,Words,4092046,4091946,466,d,i,t,4092138,4092435,,,,nonce
Bit_happy2,1,1,BA06,Words,4097651,4097551,467,b,i,t,4097697,4097975,,,,real
Pod_happy1,0,2,control_BA06,Words,4103232,4103132,468,p,o,d,4103340,4103678,,,,nonce
Dip_happy1,0,1,control_BA06,Words,4108831,4108731,469,d,i,p,4108908,4109240,,,,real
Tap_happy2,1,1,BA06,Words,4114422,4114322,470,t,a,p,4114548,4114869,,,,real
Bep_happy1,1,2,BA06,Words,4120016,4119916,471,b,e,p,4120064,4120372,,,,nonce
But_happy2,1,1,BA06,Words,4125614,4125514,472,b,u,t,4125676,4126034,,,,real
Dot_angry2,1,1,BA06,Words,4131206,4131106,473,d,o,t,4131254,4131632,,,,real
Tob_happy1,0,2,control_BA06,Words,4136801,4136701,474,t,o,b,4136929,4137293,,,,nonce
Ted_angry2,1,1,BA06,Words,4142432,4142332,475,t,e,d,4142558,4142916,,,,real
Pat_angry1,0,1,control_BA06,Words,4148022,4147922,476,p,a,t,4148189,4148463,,,,real
Tob_happy2,1,2,BA06,Words,4153651,4153551,477,t,o,b,4153760,4154026,,,,nonce
Dot_happy1,1,1,BA06,Words,4159246,4159146,478,d,o,t,4159291,4159683,,,,real
Tub_happy2,0,1,control_BA06,Words,4164873,4164773,479,t,u,b,4164978,4165317,,,,real
Dip_happy2,1,1,BA06,Words,4170469,4170369,480,d,i,p,4170517,4170882,,,,real
But_happy1,1,1,BA06,Words,4176063,4175963,481,b,u,t,4176112,4176462,,,,real
Bit_angry2,1,1,BA06,Words,4181657,4181557,482,b,i,t,4181706,4181990,,,,real
Deb_angry2,0,2,control_BA06,Words,4187252,4187152,483,d,e,b,4187302,4187615,,,,nonce
Bed_happy1,0,1,control_BA06,Words,4192846,4192746,484,b,e,d,4192908,4193228,,,,real
Put_angry2,1,2,BA06,Words,4198442,4198342,485,p,u,t,4198587,4198879,,,,nonce
Dot_angry1,0,1,control_BA06,Words,4204035,4203935,486,d,o,t,4204082,4204499,,,,real
Bed_happy2,1,1,BA06,Words,4209632,4209532,487,b,e,d,4209679,4209962,,,,real
Dot_happy1,1,1,BA06,Words,4215226,4215126,488,d,o,t,4215271,4215663,,,,real
Bep_angry1,1,2,BA06,Words,4220820,4220720,489,b,e,p,4220873,4221158,,,,nonce
Dab_angry1,0,2,control_BA06,Words,4226413,4226313,490,d,a,b,4226461,4226912,,,,nonce
Pat_happy1,1,1,BA06,Words,4232013,4231913,491,p,a,t,4232140,4232475,,,,real
Tub_happy2,1,1,BA06,Words,4237604,4237504,492,t,u,b,4237709,4238048,,,,real
Pib_angry2,1,2,BA06,Words,4243199,4243099,493,p,i,b,4243272,4243621,,,,nonce
Put_angry1,0,2,control_BA06,Words,4248826,4248726,494,p,u,t,4248973,4249257,,,,nonce
Deb_angry1,1,2,BA06,Words,4254423,4254323,495,d,e,b,4254473,4254854,,,,nonce
Bep_happy2,0,2,control_BA06,Words,4260014,4259914,496,b,e,p,4260079,4260308,,,,nonce
Dab_happy1,1,2,BA06,Words,4265644,4265544,497,d,a,b,4265706,4266123,,,,nonce
Bit_angry2,0,1,control_BA06,Words,4271234,4271134,498,b,i,t,4271283,4271567,,,,real
Bad_angry2,0,2,control_BA06,Words,4276864,4276764,499,b,a,d,4276914,4277355,,,,nonce
Dab_angry2,1,2,BA06,Words,4282459,4282359,500,d,a,b,4282507,4282986,,,,nonce
Ted_happy1,1,1,BA06,Words,4288054,4287954,501,t,e,d,4288183,4288455,,,,real
Pod_happy2,1,2,BA06,Words,4293649,4293549,502,p,o,d,4293726,4294148,,,,nonce
Bot_angry2,0,1,control_BA06,Words,4299246,4299146,503,b,o,t,4299295,4299693,,,,real
Pod_angry1,1,2,BA06,Words,4304837,4304737,504,p,o,d,4304944,4305362,,,,nonce
Dit_angry2,1,2,BA06,Words,4310433,4310333,505,d,i,t,4310512,4310841,,,,nonce
Bot_angry2,1,1,BA06,Words,4316027,4315927,506,b,o,t,4316076,4316474,,,,real
Dit_happy1,0,2,control_BA06,Words,4321621,4321521,507,d,i,t,4321714,4321993,,,,nonce
Pat_angry2,1,1,BA06,Words,4327216,4327116,508,p,a,t,4327354,4327669,,,,real
Tup_happy2,1,2,BA06,Words,4332811,4332711,509,t,u,p,4332945,4333251,,,,nonce
But_angry2,1,1,BA06,Words,4338406,4338306,510,b,u,t,4338455,4338852,,,,real
Tap_happy1,0,1,control_BA06,Words,4344002,4343902,511,t,a,p,4344129,4344463,,,,real
Bep_angry2,1,2,BA06,Words,4349594,4349494,512,b,e,p,4349642,4349934,,,,nonce
Ted_happy2,0,1,control_BA06,Words,4355189,4355089,513,t,e,d,4355316,4355593,,,,real
Pod_angry2,1,2,BA06,Words,4360785,4360685,514,p,o,d,4360893,4361229,,,,nonce
Tup_happy2,1,2,BA06,Words,4366379,4366279,515,t,u,p,4366513,4366819,,,,nonce
But_angry1,0,1,control_BA06,Words,4371971,4371871,516,b,u,t,4372020,4372438,,,,real
Tup_angry2,1,2,BA06,Words,4377568,4377468,517,t,u,p,4377733,4378007,,,,nonce
Bit_happy1,1,1,BA06,Words,4383165,4383065,518,b,i,t,4383214,4383504,,,,real
Pib_angry2,0,2,control_BA06,Words,4388756,4388656,519,p,i,b,4388829,4389178,,,,nonce
Pat_happy2,1,1,BA06,Words,4394353,4394253,520,p,a,t,4394470,4394804,,,,real
Ted_angry1,1,1,BA06,Words,4399946,4399846,521,t,e,d,4400076,4400399,,,,real
Dit_angry1,1,2,BA06,Words,4405607,4405507,522,d,i,t,4405657,4405968,,,,nonce
Tup_angry1,0,2,control_BA06,Words,4411199,4411099,523,t,u,p,4411369,4411639,,,,nonce
Bad_angry2,1,2,BA06,Words,4416797,4416697,524,b,a,d,4416847,4417288,,,,nonce
Dab_happy2,1,2,BA06,Words,4422392,4422292,525,d,a,b,4422440,4422871,,,,nonce
Ah1,0,NaN,control_BA44,single-phoneme,5038938,5038692,526,a,,,NaN,NaN,vowels,,,vowels
Ee1,0,NaN,control_BA44,single-phoneme,5042881,5042655,527,i,,,NaN,NaN,vowels,,,vowels
Eh1,0,NaN,control_BA44,single-phoneme,5046817,5046650,528,e,,,NaN,NaN,vowels,,,vowels
Uh1,0,NaN,control_BA44,single-phoneme,5050814,5050614,529,u,,,NaN,NaN,vowels,,,vowels
Oo1,0,NaN,control_BA44,single-phoneme,5054800,5054612,530,o,,,NaN,NaN,vowels,,,vowels
S1,0,NaN,control_BA44,single-phoneme,5058867,5058608,531,s,,,NaN,NaN,alveolar,fricative,no,alveolar
Z1,0,NaN,control_BA44,single-phoneme,5062779,5062603,532,z,,,NaN,NaN,alveolar,fricative,yes,alveolar
P1,0,NaN,control_BA44,single-phoneme,5066744,5066598,533,p,,,NaN,NaN,bilabial,stop,no,bilabial
B1,0,NaN,control_BA44,single-phoneme,5070749,5070599,534,b,,,NaN,NaN,bilabial,stop,yes,bilabial
T1,0,NaN,control_BA44,single-phoneme,5075115,5074626,535,t,,,NaN,NaN,alveolar,stop,no,alveolar
D1,0,NaN,control_BA44,single-phoneme,5078768,5078621,536,d,,,NaN,NaN,alveolar,stop,yes,alveolar
Ee2,0,NaN,control_BA44,single-phoneme,5082808,5082615,537,i,,,NaN,NaN,vowels,,,vowels
Uh2,0,NaN,control_BA44,single-phoneme,5086797,5086615,538,u,,,NaN,NaN,vowels,,,vowels
Eh2,0,NaN,control_BA44,single-phoneme,5090758,5090610,539,e,,,NaN,NaN,vowels,,,vowels
Oo2,0,NaN,control_BA44,single-phoneme,5094787,5094606,540,o,,,NaN,NaN,vowels,,,vowels
Ah2,0,NaN,control_BA44,single-phoneme,5098834,5098600,541,a,,,NaN,NaN,vowels,,,vowels
D2,0,NaN,control_BA44,single-phoneme,5102764,5102600,542,d,,,NaN,NaN,alveolar,stop,yes,alveolar
T2,0,NaN,control_BA44,single-phoneme,5106781,5106593,543,t,,,NaN,NaN,alveolar,stop,no,alveolar
B2,0,NaN,control_BA44,single-phoneme,5110734,5110589,544,b,,,NaN,NaN,bilabial,stop,yes,bilabial
P2,0,NaN,control_BA44,single-phoneme,5114739,5114586,545,p,,,NaN,NaN,bilabial,stop,no,bilabial
Z2,0,NaN,control_BA44,single-phoneme,5118871,5118582,546,z,,,NaN,NaN,alveolar,fricative,yes,alveolar
S2,0,NaN,control_BA44,single-phoneme,5122829,5122579,547,s,,,NaN,NaN,alveolar,fricative,no,alveolar
Eh3,0,NaN,control_BA44,single-phoneme,5126723,5126573,548,e,,,NaN,NaN,vowels,,,vowels
Oo3,0,NaN,control_BA44,single-phoneme,5130757,5130571,549,o,,,NaN,NaN,vowels,,,vowels
Ee3,0,NaN,control_BA44,single-phoneme,5134759,5134566,550,i,,,NaN,NaN,vowels,,,vowels
Ah3,0,NaN,control_BA44,single-phoneme,5138773,5138563,551,a,,,NaN,NaN,vowels,,,vowels
Uh3,0,NaN,control_BA44,single-phoneme,5142730,5142558,552,u,,,NaN,NaN,vowels,,,vowels
T3,0,NaN,control_BA44,single-phoneme,5146719,5146555,553,t,,,NaN,NaN,alveolar,stop,no,alveolar
P3,0,NaN,control_BA44,single-phoneme,5150706,5150551,554,p,,,NaN,NaN,bilabial,stop,no,bilabial
S3,0,NaN,control_BA44,single-phoneme,5154798,5154547,555,s,,,NaN,NaN,alveolar,fricative,no,alveolar
D3,0,NaN,control_BA44,single-phoneme,5158698,5158543,556,d,,,NaN,NaN,alveolar,stop,yes,alveolar
B3,0,NaN,control_BA44,single-phoneme,5162680,5162540,557,b,,,NaN,NaN,bilabial,stop,yes,bilabial
Z3,0,NaN,control_BA44,single-phoneme,5166800,5166540,558,z,,,NaN,NaN,alveolar,fricative,yes,alveolar
Uh4,0,NaN,control_BA44,single-phoneme,5170755,5170532,559,u,,,NaN,NaN,vowels,,,vowels
Oo4,0,NaN,control_BA44,single-phoneme,5174688,5174527,560,o,,,NaN,NaN,vowels,,,vowels
Ee4,0,NaN,control_BA44,single-phoneme,5179380,5178525,561,i,,,NaN,NaN,vowels,,,vowels
Ah4,0,NaN,control_BA44,single-phoneme,5182774,5182553,562,a,,,NaN,NaN,vowels,,,vowels
Eh4,0,NaN,control_BA44,single-phoneme,5186705,5186549,563,e,,,NaN,NaN,vowels,,,vowels
S3,0,NaN,control_BA44,single-phoneme,5190798,5190547,564,s,,,NaN,NaN,alveolar,fricative,no,alveolar
P3,0,NaN,control_BA44,single-phoneme,5194695,5194540,565,p,,,NaN,NaN,bilabial,stop,no,bilabial
T3,0,NaN,control_BA44,single-phoneme,5198702,5198538,566,t,,,NaN,NaN,alveolar,stop,no,alveolar
Z3,0,NaN,control_BA44,single-phoneme,5202793,5202533,567,z,,,NaN,NaN,alveolar,fricative,yes,alveolar
B3,0,NaN,control_BA44,single-phoneme,5206670,5206530,568,b,,,NaN,NaN,bilabial,stop,yes,bilabial
D3,0,NaN,control_BA44,single-phoneme,5210713,5210558,569,d,,,NaN,NaN,alveolar,stop,yes,alveolar
Oo5,0,NaN,control_BA44,single-phoneme,5214676,5214524,570,o,,,NaN,NaN,vowels,,,vowels
Ah5,0,NaN,control_BA44,single-phoneme,5218700,5218518,571,a,,,NaN,NaN,vowels,,,vowels
Uh5,0,NaN,control_BA44,single-phoneme,5222672,5222517,572,u,,,NaN,NaN,vowels,,,vowels
Eh5,0,NaN,control_BA44,single-phoneme,5226725,5226543,573,e,,,NaN,NaN,vowels,,,vowels
Ee5,0,NaN,control_BA44,single-phoneme,5230691,5230538,574,i,,,NaN,NaN,vowels,,,vowels
Z5,0,NaN,control_BA44,single-phoneme,5234757,5234534,575,z,,,NaN,NaN,alveolar,fricative,yes,alveolar
P5,0,NaN,control_BA44,single-phoneme,5238647,5238500,576,p,,,NaN,NaN,bilabial,stop,no,bilabial
D5,0,NaN,control_BA44,single-phoneme,5242674,5242496,577,d,,,NaN,NaN,alveolar,stop,yes,alveolar
S5,0,NaN,control_BA44,single-phoneme,5246690,5246491,578,s,,,NaN,NaN,alveolar,fricative,no,alveolar
T5,0,NaN,control_BA44,single-phoneme,5250667,5250488,579,t,,,NaN,NaN,alveolar,stop,no,alveolar
B5,0,NaN,control_BA44,single-phoneme,5254630,5254483,580,b,,,NaN,NaN,bilabial,stop,yes,bilabial
Dit_happy2,1,2,BA44,Words,5326548,5326448,581,d,i,t,5326640,5326937,,,,nonce
Bit_happy2,1,1,BA44,Words,5332143,5332043,582,b,i,t,5332189,5332467,,,,real
Pod_happy1,0,2,control_BA44,Words,5337738,5337638,583,p,o,d,5337846,5338184,,,,nonce
Dip_happy1,0,1,control_BA44,Words,5343331,5343231,584,d,i,p,5343408,5343740,,,,real
Tap_happy2,1,1,BA44,Words,5348927,5348827,585,t,a,p,5349053,5349374,,,,real
Bep_happy1,1,2,BA44,Words,5354521,5354421,586,b,e,p,5354569,5354877,,,,nonce
But_happy2,1,1,BA44,Words,5360116,5360016,587,b,u,t,5360178,5360536,,,,real
Dot_angry2,1,1,BA44,Words,5365710,5365610,588,d,o,t,5365758,5366136,,,,real
Tob_happy1,0,2,control_BA44,Words,5371304,5371204,589,t,o,b,5371432,5371796,,,,nonce
Ted_angry2,1,1,BA44,Words,5376899,5376799,590,t,e,d,5377025,5377383,,,,real
Pat_angry1,0,1,control_BA44,Words,5382493,5382393,591,p,a,t,5382660,5382934,,,,real
Tob_happy2,1,2,BA44,Words,5388087,5387987,592,t,o,b,5388196,5388462,,,,nonce
Dot_happy1,1,1,BA44,Words,5393683,5393583,593,d,o,t,5393728,5394120,,,,real
Tub_happy2,0,1,control_BA44,Words,5399277,5399177,594,t,u,b,5399382,5399721,,,,real
Dip_happy2,1,1,BA44,Words,5404873,5404773,595,d,i,p,5404921,5405286,,,,real
But_happy1,1,1,BA44,Words,5410466,5410366,596,b,u,t,5410515,5410865,,,,real
Bit_angry2,1,1,BA44,Words,5416060,5415960,597,b,i,t,5416109,5416393,,,,real
Deb_angry2,0,2,control_BA44,Words,5421654,5421554,598,d,e,b,5421704,5422017,,,,nonce
Bed_happy1,0,1,control_BA44,Words,5427250,5427150,599,b,e,d,5427312,5427632,,,,real
Put_angry2,1,2,BA44,Words,5432844,5432744,600,p,u,t,5432989,5433281,,,,nonce
Dot_angry1,0,1,control_BA44,Words,5438439,5438339,601,d,o,t,5438486,5438903,,,,real
Bed_happy2,1,1,BA44,Words,5444035,5443935,602,b,e,d,5444082,5444365,,,,real
Dot_happy1,1,1,BA44,Words,5449629,5449529,603,d,o,t,5449674,5450066,,,,real
Bep_angry1,1,2,BA44,Words,5455226,5455126,604,b,e,p,5455279,5455564,,,,nonce
Dab_angry1,0,2,control_BA44,Words,5460817,5460717,605,d,a,b,5460865,5461316,,,,nonce
Pat_happy1,1,1,BA44,Words,5466413,5466313,606,p,a,t,5466540,5466875,,,,real
Tub_happy2,1,1,BA44,Words,5472008,5471908,607,t,u,b,5472113,5472452,,,,real
Pib_angry2,1,2,BA44,Words,5477601,5477501,608,p,i,b,5477674,5478023,,,,nonce
Put_angry1,0,2,control_BA44,Words,5483195,5483095,609,p,u,t,5483342,5483626,,,,nonce
Deb_angry1,1,2,BA44,Words,5488791,5488691,610,d,e,b,5488841,5489222,,,,nonce
Bep_happy2,0,2,control_BA44,Words,5494383,5494283,611,b,e,p,5494448,5494677,,,,nonce
Dab_happy1,1,2,BA44,Words,5499980,5499880,612,d,a,b,5500042,5500459,,,,nonce
Bit_angry2,0,1,control_BA44,Words,5505577,5505477,613,b,i,t,5505626,5505910,,,,real
Bad_angry2,0,2,control_BA44,Words,5511169,5511069,614,b,a,d,5511219,5511660,,,,nonce
Dab_angry2,1,2,BA44,Words,5516764,5516664,615,d,a,b,5516812,5517291,,,,nonce
Ted_happy1,1,1,BA44,Words,5522359,5522259,616,t,e,d,5522488,5522760,,,,real
Pod_happy2,1,2,BA44,Words,5528018,5527918,617,p,o,d,5528095,5528517,,,,nonce
Bot_angry2,0,1,control_BA44,Words,5533580,5533480,618,b,o,t,5533629,5534027,,,,real
Pod_angry1,1,2,BA44,Words,5539176,5539076,619,p,o,d,5539283,5539701,,,,nonce
Dit_angry2,1,2,BA44,Words,5544770,5544670,620,d,i,t,5544849,5545178,,,,nonce
Bot_angry2,1,1,BA44,Words,5550399,5550299,621,b,o,t,5550448,5550846,,,,real
Dit_happy1,0,2,control_BA44,Words,5555991,5555891,622,d,i,t,5556084,5556363,,,,nonce
Pat_angry2,1,1,BA44,Words,5561590,5561490,623,p,a,t,5561728,5562043,,,,real
Tup_happy2,1,2,BA44,Words,5567182,5567082,624,t,u,p,5567316,5567622,,,,nonce
But_angry2,1,1,BA44,Words,5572776,5572676,625,b,u,t,5572825,5573222,,,,real
Tap_happy1,0,1,control_BA44,Words,5578403,5578303,626,t,a,p,5578530,5578864,,,,real
Bep_angry2,1,2,BA44,Words,5583998,5583898,627,b,e,p,5584046,5584338,,,,nonce
Ted_happy2,0,1,control_BA44,Words,5589593,5589493,628,t,e,d,5589720,5589997,,,,real
Pod_angry2,1,2,BA44,Words,5595186,5595086,629,p,o,d,5595294,5595630,,,,nonce
Tup_happy2,1,2,BA44,Words,5600783,5600683,630,t,u,p,5600917,5601223,,,,nonce
But_angry1,0,1,control_BA44,Words,5606377,5606277,631,b,u,t,5606426,5606844,,,,real
Tup_angry2,1,2,BA44,Words,5611975,5611875,632,t,u,p,5612140,5612414,,,,nonce
Bit_happy1,1,1,BA44,Words,5617566,5617466,633,b,i,t,5617615,5617905,,,,real
Pib_angry2,0,2,control_BA44,Words,5623160,5623060,634,p,i,b,5623233,5623582,,,,nonce
Pat_happy2,1,1,BA44,Words,5628758,5628658,635,p,a,t,5628875,5629209,,,,real
Ted_angry1,1,1,BA44,Words,5634351,5634251,636,t,e,d,5634481,5634804,,,,real
Dit_angry1,1,2,BA44,Words,5639945,5639845,637,d,i,t,5639995,5640306,,,,nonce
Tup_angry1,0,2,control_BA44,Words,5645538,5645438,638,t,u,p,5645708,5645978,,,,nonce
Bad_angry2,1,2,BA44,Words,5651133,5651033,639,b,a,d,5651183,5651624,,,,nonce
Dab_happy2,1,2,BA44,Words,5656728,5656628,640,d,a,b,5656776,5657207,,,,nonce
Bot_angry2,1,1,BA44,Words,5694324,5694224,641,b,o,t,5694373,5694771,,,,real
Tup_angry1,0,2,control_BA44,Words,5699952,5699852,642,t,u,p,5700122,5700392,,,,nonce
Dit_happy2,1,2,BA44,Words,5705548,5705448,643,d,i,t,5705640,5705937,,,,nonce
Bit_angry2,1,1,BA44,Words,5711143,5711043,644,b,i,t,5711192,5711476,,,,real
Put_angry1,0,2,control_BA44,Words,5716736,5716636,645,p,u,t,5716883,5717167,,,,nonce
Bed_happy1,0,1,control_BA44,Words,5722329,5722229,646,b,e,d,5722391,5722711,,,,real
Dit_angry2,1,2,BA44,Words,5727926,5727826,647,d,i,t,5728005,5728334,,,,nonce
Tap_happy1,0,1,control_BA44,Words,5733519,5733419,648,t,a,p,5733646,5733980,,,,real
Bep_angry1,1,2,BA44,Words,5739114,5739014,649,b,e,p,5739167,5739452,,,,nonce
Tup_angry2,1,2,BA44,Words,5744744,5744644,650,t,u,p,5744909,5745183,,,,nonce
But_happy1,1,1,BA44,Words,5750337,5750237,651,b,u,t,5750386,5750736,,,,real
Pod_angry1,1,2,BA44,Words,5755933,5755833,652,p,o,d,5756040,5756458,,,,nonce
Bep_happy2,0,2,control_BA44,Words,5761525,5761425,653,b,e,p,5761590,5761819,,,,nonce
Dab_angry2,1,2,BA44,Words,5767123,5767023,654,d,a,b,5767171,5767650,,,,nonce
Bit_happy2,1,1,BA44,Words,5772719,5772619,655,b,i,t,5772765,5773043,,,,real
Deb_angry1,1,2,BA44,Words,5778311,5778211,656,d,e,b,5778361,5778742,,,,nonce
Pod_happy1,0,2,control_BA44,Words,5783903,5783803,657,p,o,d,5784011,5784349,,,,nonce
Bit_happy1,1,1,BA44,Words,5789499,5789399,658,b,i,t,5789548,5789838,,,,real
Deb_angry2,0,2,control_BA44,Words,5795094,5794994,659,d,e,b,5795144,5795457,,,,nonce
Bot_angry2,0,1,control_BA44,Words,5800686,5800586,660,b,o,t,5800735,5801133,,,,real
Pod_happy2,1,2,BA44,Words,5806285,5806185,661,p,o,d,5806362,5806784,,,,nonce
Tup_happy2,1,2,BA44,Words,5811879,5811779,662,t,u,p,5812013,5812319,,,,nonce
Dot_happy1,1,1,BA44,Words,5817473,5817373,663,d,o,t,5817518,5817910,,,,real
Pat_angry1,0,1,control_BA44,Words,5823065,5822965,664,p,a,t,5823232,5823506,,,,real
Dot_angry2,1,1,BA44,Words,5828663,5828563,665,d,o,t,5828711,5829089,,,,real
Tub_happy2,0,1,control_BA44,Words,5834255,5834155,666,t,u,b,5834360,5834699,,,,real
Bep_angry2,1,2,BA44,Words,5839852,5839752,667,b,e,p,5839900,5840192,,,,nonce
Tap_happy2,1,1,BA44,Words,5845446,5845346,668,t,a,p,5845572,5845893,,,,real
Ted_happy1,1,1,BA44,Words,5851040,5850940,669,t,e,d,5851169,5851441,,,,real
Dot_angry1,0,1,control_BA44,Words,5856633,5856533,670,d,o,t,5856680,5857097,,,,real
Dot_happy1,1,1,BA44,Words,5862230,5862130,671,d,o,t,5862275,5862667,,,,real
Dit_happy1,0,2,control_BA44,Words,5867821,5867721,672,d,i,t,5867914,5868193,,,,nonce
Dab_happy1,1,2,BA44,Words,5873420,5873320,673,d,a,b,5873482,5873899,,,,nonce
Pib_angry2,1,2,BA44,Words,5879012,5878912,674,p,i,b,5879085,5879434,,,,nonce
Ted_happy2,0,1,control_BA44,Words,5884604,5884504,675,t,e,d,5884731,5885008,,,,real
But_angry2,1,1,BA44,Words,5890202,5890102,676,b,u,t,5890251,5890648,,,,real
Ted_angry1,1,1,BA44,Words,5895798,5895698,677,t,e,d,5895928,5896251,,,,real
Pib_angry2,0,2,control_BA44,Words,5901390,5901290,678,p,i,b,5901463,5901812,,,,nonce
Tob_happy2,1,2,BA44,Words,5906986,5906886,679,t,o,b,5907095,5907361,,,,nonce
Ted_angry2,1,1,BA44,Words,5912581,5912481,680,t,e,d,5912707,5913065,,,,real
Bad_angry2,0,2,control_BA44,Words,5918173,5918073,681,b,a,d,5918223,5918664,,,,nonce
Pod_angry2,1,2,BA44,Words,5923769,5923669,682,p,o,d,5923877,5924213,,,,nonce
Tob_happy1,0,2,control_BA44,Words,5929361,5929261,683,t,o,b,5929489,5929853,,,,nonce
Pat_angry2,1,1,BA44,Words,5934960,5934860,684,p,a,t,5935098,5935413,,,,real
Dip_happy1,0,1,control_BA44,Words,5940551,5940451,685,d,i,p,5940628,5940960,,,,real
Bad_angry2,1,2,BA44,Words,5946150,5946050,686,b,a,d,5946200,5946641,,,,nonce
Tup_happy2,1,2,BA44,Words,5951744,5951644,687,t,u,p,5951878,5952184,,,,nonce
But_happy2,1,1,BA44,Words,5957337,5957237,688,b,u,t,5957399,5957757,,,,real
Dab_happy2,1,2,BA44,Words,5962932,5962832,689,d,a,b,5962980,5963411,,,,nonce
Pat_happy1,1,1,BA44,Words,5968526,5968426,690,p,a,t,5968653,5968988,,,,real
But_angry1,0,1,control_BA44,Words,5974119,5974019,691,b,u,t,5974168,5974586,,,,real
Bed_happy2,1,1,BA44,Words,5979715,5979615,692,b,e,d,5979762,5980045,,,,real
Dit_angry1,1,2,BA44,Words,5985311,5985211,693,d,i,t,5985361,5985672,,,,nonce
Bep_happy1,1,2,BA44,Words,5990939,5990839,694,b,e,p,5990987,5991295,,,,nonce
Pat_happy2,1,1,BA44,Words,5996532,5996432,695,p,a,t,5996649,5996983,,,,real
Dab_angry1,0,2,control_BA44,Words,6002125,6002025,696,d,a,b,6002173,6002624,,,,nonce
Put_angry2,1,2,BA44,Words,6007722,6007622,697,p,u,t,6007867,6008159,,,,nonce
Tub_happy2,1,1,BA44,Words,6013316,6013216,698,t,u,b,6013421,6013760,,,,real
Bit_angry2,0,1,control_BA44,Words,6018908,6018808,699,b,i,t,6018957,6019241,,,,real
Dip_happy2,1,1,BA44,Words,6024506,6024406,700,d,i,p,6024554,6024919,,,,real
